window_group,n_total,n_valid_target,low_rate,p_ge_2,p_ge_5,p_ge_10,p_ge_20,p_ge_50,p_ge_100
ALL,8834067,8832076,0.5319011068292437,0.4680988931707562,0.19054942461998742,0.09638232279704115,0.04646189638766696,0.017668326223642096,0.006935628724209348
10,5432,5431,0.5308414656600994,0.46915853433990057,0.18928374148407293,0.09556251150800957,0.0471368072178236,0.018228687166267722,0.008101638740563431
11,5431,5430,0.5307550644567219,0.46924493554327806,0.18931860036832412,0.09558011049723757,0.04714548802946593,0.018232044198895028,0.008103130755064457
12,5430,5429,0.5306686314238349,0.46933136857616503,0.18935347209430833,0.09559771596979186,0.04715417203904955,0.01823540246822619,0.008104623319211642
13,5429,5428,0.5305821665438467,0.4694178334561533,0.18938835666912307,0.09561532792925571,0.04716285924834193,0.018238761974944732,0.008106116433308769
14,5428,5427,0.5304956697991524,0.4695043302008476,0.189423254099871,0.09563294637921503,0.04717154965911185,0.01824212271973466,0.008107610097659848
15,5427,5426,0.5304091411721342,0.46959085882786583,0.18945816439366014,0.09565057132325838,0.04718024327312938,0.018245484703280503,0.008109104312569112
16,5426,5425,0.5303225806451612,0.4696774193548387,0.1894930875576037,0.09566820276497696,0.0471889400921659,0.01824884792626728,0.008110599078341014
17,5425,5424,0.5302359882005899,0.46976401179941,0.18952802359882007,0.0956858407079646,0.0471976401179941,0.01825221238938053,0.008112094395280236
18,5424,5423,0.5301493638207634,0.46985063617923656,0.18956297252443297,0.09570348515581781,0.04720634335238798,0.018255578093306288,0.008113590263691683
19,5423,5422,0.5302471412762818,0.4697528587237182,0.18941350055330136,0.09553670232386573,0.04703061600885282,0.018258945038731097,0.008115086683880487
20,5422,5421,0.5301604869950194,0.4698395130049806,0.18944844124700239,0.0955543257701531,0.04703929164360819,0.018262313226342003,0.008116583656152001
21,5421,5420,0.5300738007380074,0.46992619926199264,0.18948339483394833,0.09557195571955719,0.0470479704797048,0.018265682656826567,0.008118081180811807
22,5420,5419,0.5299870824875438,0.47001291751245616,0.189518361321277,0.09558959217567817,0.04705665251891493,0.018269053330872854,0.008119579258165713
23,5419,5418,0.5299003322259136,0.4700996677740864,0.18955334071613142,0.09560723514211886,0.04706533776301218,0.018272425249169437,0.008121077888519748
24,5418,5417,0.5299981539597564,0.4700018460402437,0.18940372900129224,0.09544028059811704,0.04688942218940373,0.01827579841240539,0.008122577072180174
25,5417,5416,0.530096011816839,0.469903988183161,0.18925406203840472,0.09527326440177253,0.04689807976366322,0.01827917282127031,0.00812407680945347
26,5416,5415,0.5301939058171745,0.4698060941828255,0.18928901200369344,0.09529085872576178,0.0469067405355494,0.018282548476454295,0.008125577100646353
27,5415,5414,0.5301071296638346,0.4698928703361655,0.1893239748799409,0.09530845954931659,0.04691540450683413,0.01828592537864795,0.008127077946065755
28,5414,5413,0.5300203214483651,0.46997967855163497,0.1893589506743026,0.09532606687603916,0.046924071679290594,0.018289303528542397,0.008128579346018844
29,5413,5412,0.5301182557280119,0.4698817442719882,0.18920916481892092,0.09515890613451589,0.046747967479674794,0.018292682926829267,0.008130081300813009
30,5412,5411,0.5300314174829052,0.4699685825170948,0.18924413232304566,0.095176492330438,0.04675660691184624,0.018296063574200702,0.008131583810755868
31,5411,5410,0.5299445471349353,0.47005545286506467,0.18927911275415896,0.09519408502772643,0.046765249537892795,0.018299445471349353,0.008133086876155268
32,5410,5409,0.5300425217230542,0.46995747827694584,0.1893141061194306,0.09521168422998706,0.04677389535958588,0.018302828618968387,0.008134590497319282
33,5409,5408,0.5299556213017751,0.47004437869822485,0.1893491124260355,0.0952292899408284,0.04678254437869823,0.01830621301775148,0.008136094674556213
34,5408,5407,0.5300536341779175,0.4699463658220825,0.18938413168115406,0.09524690216386165,0.046791196597003884,0.018309598668392824,0.008137599408174588
35,5407,5406,0.5301516833148354,0.46984831668516464,0.1894191638919719,0.0952645209027007,0.04679985201627821,0.018312985571587125,0.008139104698483167
36,5406,5405,0.530249768732655,0.46975023126734505,0.18945420906567992,0.09528214616096208,0.04680851063829787,0.018316373728029602,0.008140610545790935
37,5405,5404,0.5303478904515174,0.46965210954848263,0.18948926720947445,0.09529977794226499,0.04681717246484086,0.01831976313841599,0.008142116950407105
38,5404,5403,0.5304460484915787,0.4695539515084213,0.1895243383305571,0.09531741625023135,0.04682583749768647,0.018323153803442533,0.008143623912641125
39,5403,5402,0.5303591262495372,0.4696408737504628,0.18955942243613477,0.09533506108848575,0.04683450573861533,0.018326545723805997,0.008145131432802665
40,5402,5401,0.5302721718200333,0.46972782817996667,0.18959451953341974,0.09535271246065544,0.04684317718940937,0.018329938900203666,0.008146639511201629
41,5401,5400,0.5301851851851852,0.4698148148148148,0.18962962962962962,0.09537037037037037,0.04685185185185185,0.018333333333333333,0.008148148148148147
42,5400,5399,0.5300981663270976,0.4699018336729024,0.1896647527319874,0.09538803482126319,0.046860529727727356,0.018336729023893314,0.008149657343952585
43,5399,5398,0.530196369025565,0.46980363097443495,0.18951463505001853,0.09540570581696925,0.04686921081882178,0.018340125972582437,0.008151167098925528
44,5398,5397,0.5302946081156198,0.4697053918843802,0.1895497498610339,0.09542338336112655,0.046877895126922364,0.018343524180100056,0.008152677413377803
45,5397,5396,0.5303928836174945,0.4696071163825056,0.1895848776871757,0.09544106745737584,0.04688658265381764,0.018346923647146036,0.00815418828762046
46,5396,5395,0.5303058387395737,0.46969416126042635,0.1896200185356812,0.09545875810936053,0.046895273401297496,0.01835032437442076,0.008155699721964782
47,5395,5394,0.5302187615869485,0.4697812384130515,0.1896551724137931,0.09547645532072674,0.046903967371153134,0.01835372636262514,0.008157211716722283
48,5394,5393,0.5303170776933062,0.46968292230669384,0.18950491377711848,0.0953087335434823,0.046727239013536065,0.018171704060819582,0.00815872427220471
49,5393,5392,0.5304154302670623,0.46958456973293766,0.18954005934718102,0.09532640949554896,0.04673590504451038,0.01817507418397626,0.008160237388724036
50,5392,5391,0.530328324986088,0.46967167501391205,0.18957521795585236,0.09534409200519384,0.04674457429048414,0.018178445557410498,0.00816175106659247
51,5391,5390,0.5302411873840446,0.4697588126159555,0.18961038961038962,0.09536178107606678,0.046753246753246755,0.01818181818181818,0.00816326530612245
52,5390,5389,0.5303395806272035,0.46966041937279646,0.1896455743180553,0.09537947671182037,0.04676192243458898,0.018185192057895712,0.008164780107626647
53,5389,5388,0.5302524127691166,0.46974758723088345,0.1896807720861173,0.09539717891610987,0.0467706013363029,0.018188567186340016,0.008166295471417966
54,5388,5387,0.5301652125487284,0.4698347874512716,0.1897159829218489,0.09541488769259328,0.04677928346018192,0.018191943567848524,0.008167811397809541
55,5387,5386,0.5302636464909023,0.46973635350909765,0.18975120683252877,0.0954326030449313,0.046787968808020795,0.0181953212031192,0.008169327887114742
56,5386,5385,0.5303621169916435,0.46963788300835657,0.18978644382544105,0.09545032497678738,0.0467966573816156,0.01819870009285051,0.008170844939647167
57,5385,5384,0.5302748885586924,0.4697251114413076,0.18982169390787518,0.09546805349182763,0.046805349182763745,0.018202080237741457,0.008172362555720654
58,5384,5383,0.5303733977336058,0.4696266022663942,0.18985695708712613,0.09548578859372098,0.04681404421326398,0.018205461638491547,0.008173880735649267
59,5383,5382,0.5304719435154218,0.46952805648457824,0.18989223337049424,0.09550353028613898,0.046822742474916385,0.018208844295800816,0.008175399479747306
60,5382,5381,0.5305705259245493,0.46942947407545066,0.18992752276528527,0.095521278572756,0.04683144396952239,0.01821222821036982,0.008176918788329306
61,5381,5380,0.5304832713754647,0.4695167286245353,0.18996282527881042,0.09553903345724907,0.04684014869888476,0.018215613382899627,0.008178438661710037
62,5380,5379,0.5303959843837145,0.46960401561628556,0.18999814091838632,0.09555679494329801,0.046848856664807585,0.01821899981409184,0.0081799591002045
63,5379,5378,0.5303086649312012,0.4696913350687988,0.19003346969133506,0.09557456303458535,0.04685756786909632,0.01822238750464857,0.008181480104127928
64,5378,5377,0.530221312999814,0.469778687000186,0.1900688116049842,0.09559233773479635,0.046866282313557744,0.018225776455272458,0.008183001673795797
65,5377,5376,0.5301339285714286,0.46986607142857145,0.19010416666666666,0.09561011904761904,0.046875,0.018229166666666668,0.00818452380952381
66,5376,5375,0.530046511627907,0.469953488372093,0.19013953488372093,0.09562790697674418,0.04688372093023256,0.018232558139534883,0.008186046511627907
67,5375,5374,0.5299590621510979,0.4700409378489021,0.1901749162634909,0.09564570152586528,0.046892445106066244,0.018235950874581318,0.008187569780424266
68,5374,5373,0.5298715801228364,0.4701284198771636,0.1902103108133259,0.09566350269867858,0.04690117252931323,0.0182393448725107,0.008189093616229295
69,5373,5372,0.5297840655249442,0.47021593447505583,0.19024571854058078,0.0956813104988831,0.04690990320178704,0.018242740134028296,0.008190618019359643
70,5372,5371,0.5296965183392291,0.4703034816607708,0.1902811394526159,0.0956991249301806,0.04691863712530255,0.01824613665983988,0.008192142990132191
71,5371,5370,0.5297951582867784,0.4702048417132216,0.19031657355679701,0.0957169459962756,0.04692737430167598,0.01824953445065177,0.00819366852886406
72,5370,5369,0.5297075805550382,0.4702924194449618,0.19035202086049544,0.0957347737008754,0.0469361147327249,0.018252933507170794,0.008195194635872602
73,5369,5368,0.5296199701937406,0.4703800298062593,0.19038748137108794,0.09575260804769002,0.04694485842026826,0.01825633383010432,0.00819672131147541
74,5368,5367,0.5297186510154649,0.4702813489845351,0.19042295509595678,0.09577044904043228,0.046953605366126326,0.01825973542016024,0.008198248555990311
75,5367,5366,0.5296310100633619,0.4703689899366381,0.19045844204248974,0.09578829668281774,0.04696235557212076,0.018263138278046962,0.008199776369735371
76,5366,5365,0.5295433364398882,0.47045666356011184,0.19049394221808014,0.09580615097856478,0.04697110904007456,0.018266542404473438,0.00820130475302889
77,5365,5364,0.5294556301267711,0.47054436987322895,0.19052945563012677,0.09582401193139448,0.04697986577181208,0.018269947800149143,0.00820283370618941
78,5364,5363,0.5295543539063957,0.47044564609360434,0.19037851948536266,0.09584187954503076,0.046988625769159055,0.018273354465784077,0.008204363229535707
79,5363,5362,0.5294666169339799,0.47053338306602016,0.19041402461767998,0.09585975382320029,0.04699738903394256,0.018276762402088774,0.008205893323386795
80,5362,5361,0.5293788472299944,0.4706211527700056,0.19044954299570976,0.09587763476963253,0.047006155567991044,0.018280171609774295,0.00820742398806193
81,5361,5360,0.5292910447761194,0.4707089552238806,0.19048507462686567,0.0958955223880597,0.04701492537313433,0.01828358208955224,0.008208955223880597
82,5360,5359,0.5292032095540212,0.4707967904459787,0.19052061951856689,0.09591341668221683,0.047023698451203584,0.018286993842134728,0.00821048703116253
83,5359,5358,0.5291153415453528,0.4708846584546473,0.19055617767823815,0.09593131765584173,0.04703247480403135,0.018290406868234417,0.008212019410227697
84,5358,5357,0.5290274407317529,0.47097255926824716,0.1905917491133097,0.09594922531267501,0.04704125443345156,0.018293821168564494,0.008213552361396304
85,5357,5356,0.529126213592233,0.470873786407767,0.19062733383121733,0.09596713965646005,0.04705003734129948,0.018297236743838687,0.008215085884988798
86,5356,5355,0.5290382819794585,0.47096171802054154,0.19066293183940242,0.09598506069094305,0.047058823529411764,0.018300653594771243,0.008216619981325864
87,5355,5354,0.5291370937616735,0.4708629062383265,0.19069854314531193,0.096002988419873,0.047067612999626446,0.018304071722076952,0.008218154650728428
88,5354,5353,0.5290491313282272,0.4709508686717728,0.1907341677563983,0.09602092284700169,0.04707640575378293,0.018307491126471138,0.008219689893517654
89,5353,5352,0.5291479820627802,0.47085201793721976,0.1907698056801196,0.0960388639760837,0.04708520179372197,0.018310911808669655,0.008221225710014948
90,5352,5351,0.5290599887871426,0.4709400112128574,0.19080545692393944,0.09605681181087647,0.04709400112128574,0.0183143337693889,0.008222762100541955
91,5351,5350,0.5289719626168224,0.47102803738317756,0.19084112149532712,0.09607476635514019,0.04710280373831776,0.018317757009345795,0.00822429906542056
92,5350,5349,0.5288839035333707,0.4711160964666293,0.19087679940175734,0.09609272761263787,0.04711160964666293,0.018321181529257807,0.008225836604972891
93,5349,5348,0.5289827973074046,0.47101720269259534,0.19091249065071056,0.09611069558713538,0.04712041884816754,0.01832460732984293,0.008227374719521317
94,5348,5347,0.5288947073125116,0.4711052926874883,0.19094819524967271,0.09612867028240135,0.04712923134467926,0.01832803441181971,0.008228913409388442
95,5347,5346,0.5289936401047513,0.4710063598952488,0.19079685746352412,0.09614665170220726,0.04713804713804714,0.01833146277590722,0.00823045267489712
96,5346,5345,0.5290926099158092,0.47090739008419086,0.19064546304957905,0.0961646398503274,0.04714686623012161,0.01833489242282507,0.00823199251637044
97,5345,5344,0.5290044910179641,0.4709955089820359,0.1906811377245509,0.09618263473053892,0.04715568862275449,0.018338323353293412,0.008233532934131737
98,5344,5343,0.5289163391353172,0.4710836608646828,0.1907168257533221,0.09620063634662175,0.047164514317798986,0.01834175556803294,0.008235073928504585
99,5343,5342,0.5290153500561587,0.47098464994384126,0.190752527143392,0.09621864470235866,0.0471733433171097,0.018345189067764882,0.008236615499812805
100,5342,5341,0.528927167197154,0.4710728328028459,0.19078824190226548,0.0962366598015353,0.047182175622542594,0.01834862385321101,0.008238157648380453
101,5341,5340,0.5288389513108614,0.47116104868913855,0.1908239700374532,0.09625468164794007,0.04719101123595506,0.018352059925093634,0.008239700374531835
102,5340,5339,0.5287507023787226,0.4712492976212774,0.19085971155647125,0.0962727102453643,0.047199850159205844,0.018355497284135606,0.008241243678591496
103,5339,5338,0.5286624203821656,0.4713375796178344,0.19089546646684152,0.0962907455976021,0.047208692394155115,0.018358935931060322,0.008242787560884226
104,5338,5337,0.5287614764849167,0.4712385235150834,0.1907438635937793,0.09630878770845044,0.047217537942664416,0.01836237586659172,0.008244332021735057
105,5337,5336,0.5286731634182908,0.47132683658170915,0.19077961019490255,0.09632683658170915,0.0472263868065967,0.018365817091454274,0.008245877061469266
106,5336,5335,0.528584817244611,0.47141518275538896,0.1908153701968135,0.09634489222118088,0.04723523898781631,0.01836925960637301,0.008247422680412371
107,5335,5334,0.5284964379452568,0.47150356205474314,0.1908511436070491,0.09636295463067117,0.047244094488188976,0.01837270341207349,0.008248968878890138
108,5334,5333,0.5284080255015938,0.4715919744984062,0.19088693043315208,0.09638102381398837,0.04725295330958185,0.01837614850928183,0.008250515657228577
109,5333,5332,0.5283195798949737,0.47168042010502625,0.19092273068267065,0.09639909977494374,0.047261815453863466,0.01837959489872468,0.008252063015753939
110,5332,5331,0.5282311011067342,0.4717688988932658,0.19095854436315887,0.09641718251735135,0.04727068092290377,0.018383042581129244,0.008253610954792722
111,5331,5330,0.5281425891181989,0.4718574108818011,0.19099437148217635,0.09643527204502814,0.04727954971857411,0.018386491557223265,0.00825515947467167
112,5330,5329,0.5282416963783074,0.47175830362169263,0.19103021204728843,0.09645336836179395,0.04728842184274723,0.018389941827735033,0.00825670857571777
113,5329,5328,0.5283408408408409,0.4716591591591592,0.19087837837837837,0.09647147147147148,0.0472972972972973,0.01839339339339339,0.008258258258258258
114,5328,5327,0.5284400225267505,0.47155997747324946,0.19072648770414868,0.09648958137788624,0.04730617608409987,0.018396846254927726,0.008259808522620612
115,5327,5326,0.5285392414570034,0.4714607585429966,0.19057453999248966,0.09631993991738641,0.04712730003755163,0.018212542245587684,0.008073601201652273
116,5326,5325,0.5284507042253521,0.4715492957746479,0.19061032863849764,0.09633802816901409,0.04713615023474178,0.018215962441314553,0.008075117370892018
117,5325,5324,0.52854996243426,0.47145003756574005,0.19045830202854996,0.09635612321562735,0.047145003756574,0.01821938392186326,0.008076634109691961
118,5324,5323,0.5286492579372535,0.4713507420627466,0.19049408228442608,0.0963742250610558,0.047153860604922035,0.018222806687957917,0.008078151418373097
119,5323,5322,0.5287485907553551,0.47125140924464487,0.19052987598647125,0.0963923337091319,0.04716272078166103,0.018226230740323188,0.00807966929725667
120,5322,5321,0.5288479609096035,0.47115203909039655,0.1905656831422665,0.09641044916369104,0.047171584288667544,0.01822965607968427,0.008081187746664161
121,5321,5320,0.5287593984962407,0.4712406015037594,0.1906015037593985,0.09642857142857143,0.04718045112781955,0.018233082706766917,0.008082706766917294
122,5320,5319,0.5288588080466253,0.47114119195337467,0.19044933258131228,0.09644670050761421,0.04718932130099643,0.018236510622297423,0.008084226358338033
123,5319,5318,0.5289582549830764,0.47104174501692364,0.1904851447912749,0.09646483640466341,0.047198194810078975,0.018239939827002633,0.008085746521248589
124,5318,5317,0.528869663343991,0.471130336656009,0.19052097047207073,0.09648297912356592,0.04720707165694941,0.01824337032160993,0.008087267255971413
125,5317,5316,0.5289691497366441,0.4710308502633559,0.19036869826937547,0.09650112866817155,0.047215951843491345,0.018246802106847253,0.008088788562829194
126,5316,5315,0.5288805268109125,0.4711194731890875,0.19040451552210724,0.09651928504233302,0.04722483537158984,0.018250235183443087,0.008090310442144873
127,5315,5314,0.5287918705306737,0.47120812946932633,0.190440346255175,0.09653744824990591,0.047233722243131354,0.01825366955212646,0.008091832894241625
128,5314,5313,0.5288913984566158,0.47110860154338413,0.19047619047619047,0.09655561829474874,0.04724261246000377,0.018257105213626952,0.008093355919442876
129,5313,5312,0.5288027108433735,0.4711972891566265,0.1905120481927711,0.09657379518072289,0.04725150602409638,0.0182605421686747,0.00809487951807229
130,5312,5311,0.5287139898324232,0.4712860101675767,0.19054791941254,0.09659197891169272,0.047260402937299946,0.018263980418000376,0.008096403690453776
131,5311,5310,0.5288135593220339,0.4711864406779661,0.19058380414312617,0.09661016949152543,0.047269303201506595,0.018267419962335215,0.008097928436911487
132,5310,5309,0.5287248069316255,0.47127519306837445,0.19061970239216425,0.09662836692409117,0.047278206818609905,0.018270860802411,0.008099453757769826
133,5309,5308,0.5286360211002261,0.47136397889977394,0.19065561416729465,0.096646571213263,0.047287113790504896,0.01827430293896006,0.008100979653353428
134,5308,5307,0.5287356321839081,0.47126436781609193,0.19050310910118712,0.09647635198794045,0.04710759374411155,0.018277746372715283,0.008102506123987187
135,5307,5306,0.5286468149264983,0.4713531850735017,0.19053901243874857,0.09649453448925745,0.04711647191858274,0.0182811911044101,0.00810403316999623
136,5306,5305,0.528746465598492,0.471253534401508,0.19057492931196984,0.09651272384542885,0.0471253534401508,0.01828463713477851,0.008105560791705938
137,5305,5304,0.528657616892911,0.471342383107089,0.19061085972850678,0.09653092006033183,0.0471342383107089,0.018288084464555054,0.008107088989441931
138,5304,5303,0.5285687346784839,0.47143126532151614,0.19064680369602113,0.0965491231378465,0.047143126532151615,0.018291533094474826,0.008108617763530078
139,5303,5302,0.5284798189362505,0.47152018106374954,0.1906827612221803,0.0965673330818559,0.047152018106374954,0.018294983025273482,0.008110147114296492
140,5302,5301,0.5285795132993775,0.47142048670062253,0.1905300886625165,0.09658554989624599,0.047160913035276364,0.018298434257687228,0.008111677042067535
141,5301,5300,0.5284905660377358,0.47150943396226414,0.19056603773584907,0.09660377358490566,0.04716981132075472,0.01830188679245283,0.008113207547169812
142,5300,5299,0.5285903000566144,0.47140969994338555,0.19041328552557085,0.0964332892998679,0.04717871296471032,0.018305340630307605,0.008114738629930176
143,5299,5298,0.5286900717251793,0.4713099282748207,0.19026047565118911,0.09626274065685164,0.04699886749716874,0.01830879577198943,0.008116270290675727
144,5298,5297,0.528601094959411,0.471398905040589,0.19029639418538796,0.09628091372474985,0.04700774023031905,0.01831225221823674,0.008117802529733811
145,5297,5296,0.5287009063444109,0.47129909365558914,0.19014350453172205,0.09611027190332326,0.04682779456193353,0.01812688821752266,0.007930513595166163
146,5296,5295,0.5288007554296507,0.4711992445703494,0.18999055712936733,0.09593956562795089,0.04683663833805477,0.018130311614730877,0.00793201133144476
147,5295,5294,0.5287117491499811,0.4712882508500189,0.19002644503211183,0.09595768794862108,0.04684548545523234,0.018133736305251228,0.007933509633547412
148,5294,5293,0.5288116380124693,0.4711883619875307,0.189873417721519,0.09597581711694692,0.04685433591535991,0.01813716228981674,0.007935008501794823
149,5293,5292,0.5289115646258503,0.4710884353741497,0.18972033257747545,0.09580498866213152,0.046674225245653816,0.018140589569160998,0.007936507936507936
150,5292,5291,0.529011529011529,0.47098847098847096,0.18975618975618977,0.09582309582309582,0.04668304668304668,0.018144018144018143,0.007938007938007937
151,5291,5290,0.5289224952741021,0.47107750472589793,0.1897920604914934,0.09584120982986767,0.04669187145557656,0.018147448015122872,0.007939508506616257
152,5290,5289,0.5288334278691624,0.47116657213083757,0.18982794479107581,0.09585933068633012,0.04670069956513519,0.018150879183210438,0.007941009642654566
153,5289,5288,0.5287443267776096,0.4712556732223903,0.18986384266263237,0.09587745839636914,0.04670953101361573,0.018154311649016642,0.00794251134644478
154,5288,5287,0.5288443351617175,0.4711556648382826,0.1898997541138642,0.09589559296387365,0.046718365802912803,0.018157745413277852,0.00794401361830906
155,5287,5286,0.5287552024214908,0.4712447975785093,0.18993567915247825,0.09591373439273553,0.04672720393492244,0.018161180476730987,0.007945516458569807
156,5286,5285,0.5286660359508042,0.47133396404919586,0.18997161778618732,0.09593188268684957,0.0467360454115421,0.01816461684011353,0.007947019867549669
157,5285,5284,0.5287660862982589,0.4712339137017411,0.19000757002271007,0.09595003785011355,0.046744890234670704,0.018168054504163512,0.007948523845571537
158,5284,5283,0.5288661745220519,0.47113382547794813,0.19004353586977096,0.09596819988642817,0.04675373840620859,0.018171493469619535,0.007950028392958546
159,5283,5282,0.5289663006436955,0.4710336993563044,0.19007951533510034,0.09598636879969709,0.046762589928057555,0.01817493373722075,0.007951533510034078
160,5282,5281,0.5290664646847189,0.4709335353152812,0.19011550842643438,0.09600454459382693,0.04677144480212081,0.018178375307706874,0.007953039197121757
161,5281,5280,0.5289772727272727,0.47102272727272726,0.19015151515151515,0.09602272727272727,0.04678030303030303,0.01818181818181818,0.007954545454545454
162,5280,5279,0.5290774767948475,0.4709225232051525,0.19018753551809053,0.09604091684031066,0.046789164614510326,0.01818526236029551,0.007956052282629286
163,5279,5278,0.5289882531261841,0.47101174687381586,0.19022356953391437,0.0960591133004926,0.046798029556650245,0.01818870784388026,0.007957559681697613
164,5278,5277,0.5290884972522266,0.4709115027477734,0.19025961720674625,0.09607731665719159,0.0468068978586318,0.018192154633314382,0.007959067652075043
165,5277,5276,0.5291887793783169,0.47081122062168307,0.19029567854435178,0.09609552691432904,0.04681576952236543,0.01819560272934041,0.00796057619408643
166,5276,5275,0.5290995260663507,0.4709004739336493,0.19033175355450238,0.09611374407582939,0.04682464454976303,0.018199052132701423,0.007962085308056872
167,5275,5274,0.5291998483124764,0.4708001516875237,0.19017823284034888,0.09594235874099355,0.04683352294273796,0.01820250284414107,0.007963594994311717
168,5274,5273,0.5293002086098995,0.4706997913901005,0.19021429926038308,0.09596055376446046,0.046842404703205005,0.018205954864403566,0.00796510525317656
169,5273,5272,0.5292109256449166,0.47078907435508344,0.19025037936267072,0.09597875569044007,0.04685128983308042,0.018209408194233688,0.007966616084977238
170,5272,5271,0.5291216088028837,0.4708783911971163,0.19028647315499905,0.09599696452286094,0.04686017833428192,0.01821286283437678,0.00796812749003984
171,5271,5270,0.5290322580645161,0.47096774193548385,0.19032258064516128,0.09601518026565464,0.04686907020872865,0.018216318785578747,0.007969639468690701
172,5270,5269,0.5289428734105144,0.4710571265894857,0.19035870184095655,0.09603340292275574,0.04687796545834124,0.01821977604858607,0.007971152021256405
173,5269,5268,0.5290432801822323,0.47095671981776766,0.19039483675018984,0.09605163249810175,0.04688686408504176,0.018223234624145785,0.007972665148063782
174,5268,5267,0.5289538636795139,0.47104613632048603,0.1904309853806721,0.09606986899563319,0.04689576609075375,0.018226694513005504,0.00797417884943991
175,5267,5266,0.529054310672237,0.470945689327763,0.19046714774022028,0.09608811241929358,0.0469046714774022,0.018230155715913406,0.007975693125712115
176,5266,5265,0.5289648622981956,0.4710351377018044,0.19050332383665716,0.09610636277302943,0.04691358024691358,0.018233618233618232,0.007977207977207978
177,5265,5264,0.5290653495440729,0.47093465045592703,0.19034954407294832,0.09593465045592706,0.04673252279635259,0.01804711246200608,0.0077887537993920975
178,5264,5263,0.5289758692760783,0.47102413072392174,0.19038571157134715,0.09595287858635759,0.04674140224206726,0.018050541516245487,0.007790233707011211
179,5263,5262,0.5290763968072976,0.4709236031927024,0.1902318510072216,0.0959711136450019,0.046750285062713795,0.01805397187381224,0.007791714177118966
180,5262,5261,0.5289868846226953,0.47101311537730467,0.19026800988405246,0.09598935563581068,0.04675917126021669,0.018057403535449535,0.0077931952100361145
181,5261,5260,0.5290874524714829,0.47091254752851713,0.1903041825095057,0.09600760456273764,0.0467680608365019,0.01806083650190114,0.00779467680608365
182,5260,5259,0.5291880585662674,0.4708119414337327,0.19015021867275148,0.0960258604297395,0.04677695379349686,0.01806427077391139,0.007796158965582811
183,5259,5258,0.5292887029288703,0.4707112970711297,0.1901863826550019,0.09604412324077596,0.04678585013313047,0.018067706352225182,0.007797641688855078
184,5258,5257,0.5291991630207342,0.4708008369792657,0.19022256039566293,0.09606239299980977,0.04679474985733308,0.01807114323758798,0.00779912497622218
185,5257,5256,0.5291095890410958,0.4708904109589041,0.1902587519025875,0.0960806697108067,0.04680365296803653,0.018074581430745813,0.007800608828006088
186,5256,5255,0.5292102759276879,0.47078972407231207,0.190104662226451,0.09590865842055185,0.04681255946717412,0.01807802093244529,0.00780209324452902
187,5255,5254,0.5291206699657404,0.47087933003425964,0.19014084507042253,0.09592691282832128,0.04682146935668063,0.018081461743433575,0.007803578226113437
188,5254,5253,0.5292213972967827,0.4707786027032172,0.1901770416904626,0.09594517418617933,0.04683038263849229,0.018084903864458404,0.007805063773082048
189,5253,5252,0.5293221629855294,0.4706778370144707,0.19002284843869002,0.09596344249809596,0.04683929931454684,0.018088347296268088,0.007806549885757807
190,5252,5251,0.5294229670538945,0.4705770329461055,0.190059036374024,0.09598171776804418,0.04684821938678347,0.018091792039611504,0.007808036564463911
191,5251,5250,0.5295238095238095,0.4704761904761905,0.1900952380952381,0.096,0.046857142857142854,0.018095238095238095,0.00780952380952381
192,5250,5249,0.529434177938655,0.470565822061345,0.19013145361021147,0.09601828919794246,0.046866069727567156,0.018098685463897885,0.007811011621261192
193,5249,5248,0.5295350609756098,0.47046493902439024,0.19016768292682926,0.09603658536585366,0.046875,0.018102134146341462,0.0078125
194,5248,5247,0.5294453973699257,0.4705546026300743,0.19020392605298267,0.09605488850771869,0.046883933676386505,0.018105584143319992,0.007813988946064417
195,5247,5246,0.5293556995806329,0.4706443004193671,0.1902401829965688,0.09607319862752574,0.04689287075867327,0.018109035455585207,0.007815478459778879
196,5246,5245,0.5294566253574833,0.47054337464251667,0.19008579599618686,0.09590085795996187,0.04671115347950429,0.01811248808388942,0.007816968541468065
197,5245,5244,0.5295575896262396,0.4704424103737605,0.19012204424103737,0.09591914569031273,0.04672006102212052,0.018115942028985508,0.007818459191456904
198,5244,5243,0.5294678619111196,0.4705321380888804,0.19015830631317948,0.09593744039671943,0.04672897196261682,0.01811939729162693,0.00781995041007057
199,5243,5242,0.5293780999618466,0.47062190003815335,0.19019458222052651,0.09595574208317437,0.04673788630293781,0.01812285387256772,0.00782144219763449
200,5242,5241,0.529479107040641,0.4705208929593589,0.19004006868918144,0.09597405075367296,0.04674680404502957,0.01812631177256249,0.007822934554474336
201,5241,5240,0.5293893129770992,0.47061068702290076,0.1900763358778626,0.09599236641221374,0.046755725190839696,0.01812977099236641,0.007824427480916031
202,5240,5239,0.5294903607558694,0.4705096392441306,0.19011261691162434,0.09601068906279825,0.046764649742317234,0.018133231532735255,0.007825920977285742
203,5239,5238,0.5295914471172203,0.47040855288277966,0.19014891179839633,0.09602901870943108,0.04677357770141275,0.018136693394425352,0.007827415043909889
204,5238,5237,0.5295016230666412,0.4704983769333588,0.1901852205461142,0.09604735535611991,0.04678250907007829,0.018140156578193622,0.007828909681115142
205,5237,5236,0.5296027501909855,0.47039724980901454,0.19022154316271964,0.09606569900687548,0.04679144385026738,0.018143621084797557,0.00783040488922842
206,5236,5235,0.529512893982808,0.47048710601719196,0.19025787965616045,0.09608404966571156,0.04680038204393505,0.018147086914995225,0.007831900668576886
207,5235,5234,0.5294230034390524,0.47057699656094765,0.19029423003439053,0.09610240733664502,0.04680932365303783,0.018150554069545282,0.007833397019487964
208,5234,5233,0.5293330785400344,0.4706669214599656,0.19033059430536978,0.09612077202369577,0.04681826867953373,0.018154022549206957,0.007834893942289319
209,5233,5232,0.529243119266055,0.47075688073394495,0.19036697247706422,0.09613914373088685,0.046827217125382264,0.01815749235474006,0.007836391437308868
210,5232,5231,0.5291531255974001,0.47084687440259987,0.190403364557446,0.09615752246224431,0.04683616899254445,0.01816096348690499,0.007837889504874785
211,5231,5230,0.5292543021032505,0.4707456978967495,0.19043977055449332,0.09617590822179732,0.04684512428298279,0.018164435946462717,0.007839388145315488
212,5230,5229,0.5291642761522279,0.47083572384777206,0.19047619047619047,0.09619430101357812,0.04685408299866131,0.018167909734174793,0.007840887358959648
213,5229,5228,0.5290742157612854,0.4709257842387146,0.19051262433052793,0.09621270084162203,0.046863045141545524,0.018171384850803367,0.00784238714613619
214,5228,5227,0.5289841209106562,0.4710158790893438,0.1905490721255022,0.09623110770996747,0.04687201071360245,0.018174861297111152,0.007843887507174288
215,5227,5226,0.5290853425181783,0.47091465748182165,0.19039418293149638,0.09624952162265595,0.046880979716800615,0.01817833907386146,0.007845388442403367
216,5226,5225,0.5289952153110048,0.4710047846889952,0.19043062200956937,0.09626794258373206,0.04688995215311005,0.01818181818181818,0.00784688995215311
217,5225,5224,0.5289050535987749,0.4710949464012251,0.19046707503828483,0.09628637059724349,0.046898928024502295,0.01818529862174579,0.007848392036753445
218,5224,5223,0.5288148573616696,0.47118514263833045,0.19050354202565575,0.09630480566724105,0.04690790733295041,0.018188780394409344,0.007849894696534559
219,5223,5222,0.5289161240903868,0.47108387590961315,0.19054002297970127,0.09632324779777864,0.04691689008042895,0.018192263500574492,0.007851397931826886
220,5222,5221,0.5290174296111856,0.4709825703888144,0.19057651790844665,0.09634169699291323,0.046925876268914,0.01819574794100747,0.007852901742961119
221,5221,5220,0.5289272030651341,0.4710727969348659,0.19061302681992337,0.09636015325670498,0.04693486590038314,0.018199233716475097,0.007854406130268199
222,5220,5219,0.5290285495305614,0.4709714504694386,0.19045794213450853,0.09637861659321709,0.04694385897681548,0.018202720827744778,0.007855911094079326
223,5219,5218,0.5289382905327712,0.4710617094672288,0.19049444231506324,0.0963970870065159,0.04695285550019165,0.018206209275584515,0.007857416634725948
224,5218,5217,0.5288479969331034,0.4711520030668967,0.1905309564884033,0.09641556450067089,0.04696185547249377,0.01820969906076289,0.007858922752539774
225,5217,5216,0.5289493865030674,0.4710506134969325,0.19037576687116564,0.09624233128834356,0.04697085889570552,0.01821319018404908,0.00786042944785276
226,5216,5215,0.5290508149568552,0.47094918504314476,0.19041227229146693,0.0962607861936721,0.04697986577181208,0.01821668264621285,0.007861936720997123
227,5215,5214,0.5291522823168393,0.4708477176831607,0.1904487917146145,0.09627924817798235,0.046988876102800156,0.01822017644802455,0.007863444572305332
228,5214,5213,0.5290619604834068,0.47093803951659313,0.19048532514866678,0.09629771724534816,0.04699788989065797,0.01822367159025513,0.00786495300211011
229,5213,5212,0.5291634689178818,0.4708365310821182,0.1903300076745971,0.09631619339984651,0.047006907137375285,0.018227168073676133,0.007866462010744436
230,5212,5211,0.5290731145653426,0.47092688543465744,0.19036653233544426,0.09633467664555748,0.04701592784494339,0.01823066589905968,0.007867971598541548
231,5211,5210,0.5291746641074856,0.4708253358925144,0.19021113243761997,0.09616122840690979,0.04702495201535509,0.018234165067178502,0.007869481765834933
232,5210,5209,0.5292762526396622,0.4707237473603379,0.19024764830101748,0.09617968899980803,0.04703397965060472,0.018237665578805913,0.007870992512958341
233,5209,5208,0.5291858678955453,0.47081413210445466,0.190284178187404,0.09619815668202765,0.04704301075268817,0.01824116743471582,0.007872503840245775
234,5208,5207,0.5290954484347993,0.47090455156520067,0.19032072210485884,0.09621663145765316,0.04705204532360284,0.018244670635682733,0.007874015748031496
235,5207,5206,0.5291970802919708,0.4708029197080292,0.19035728006146754,0.09623511333077218,0.04706108336534767,0.01824817518248175,0.007875528236650019
236,5206,5205,0.5291066282420749,0.47089337175792506,0.1903938520653218,0.0962536023054755,0.04707012487992315,0.01825168107588857,0.007877041306436119
237,5205,5204,0.5292083013066872,0.47079169869331283,0.1904304381245196,0.09627209838585703,0.047079169869331285,0.018255188316679476,0.007878554957724828
238,5204,5203,0.5291178166442437,0.47088218335575627,0.1904670382471651,0.09629060157601384,0.04708821833557563,0.018258696905631366,0.007880069190851432
239,5203,5202,0.5292195309496348,0.47078046905036525,0.19050365244136871,0.09630911188004614,0.04709727028066128,0.01826220684352172,0.007881584006151481
240,5202,5201,0.5291290136512209,0.4708709863487791,0.19054028071524706,0.0963276293020573,0.047106325706594884,0.01826571813112863,0.007883099403960777
241,5201,5200,0.5290384615384616,0.4709615384615385,0.1905769230769231,0.09634615384615385,0.047115384615384615,0.01826923076923077,0.007884615384615384
242,5200,5199,0.5289478745912676,0.4710521254087324,0.19061357953452587,0.09636468551644548,0.0471244470090402,0.018272744758607424,0.007886131948451626
243,5199,5198,0.529049634474798,0.470950365525202,0.19065025009619085,0.09638322431704502,0.04713351288957291,0.018276260100038477,0.007887649095806078
244,5198,5197,0.5291514335193381,0.4708485664806619,0.19049451606696172,0.0964017702520685,0.04714258225899558,0.018279776794304408,0.007889166827015586
245,5197,5196,0.529253271747498,0.4707467282525019,0.1905311778290993,0.0964203233256351,0.04715165511932255,0.0182832948421863,0.007890685142417244
246,5196,5195,0.5293551491819056,0.4706448508180943,0.19056785370548604,0.09643888354186718,0.04716073147256978,0.01828681424446583,0.007892204042348411
247,5195,5194,0.5292645360030804,0.4707354639969195,0.19060454370427415,0.09645745090489026,0.04716981132075472,0.018290335001925298,0.007893723527146708
248,5194,5193,0.5291738879260544,0.4708261120739457,0.19064124783362218,0.09647602541883304,0.0471788946658964,0.018293857115347582,0.00789524359715001
249,5193,5192,0.5292758089368259,0.4707241910631741,0.1906779661016949,0.09649460708782742,0.04718798151001541,0.01829738058551618,0.007896764252696456
250,5192,5191,0.5293777692159507,0.4706222307840493,0.19052205740705067,0.09651319591600847,0.04719707185513389,0.01830090541321518,0.007898285494124446
251,5191,5190,0.5292870905587669,0.4707129094412331,0.1905587668593449,0.09653179190751444,0.04720616570327553,0.018304431599229287,0.00789980732177264
252,5190,5189,0.5293890923106571,0.47061090768934283,0.1905954904605897,0.0965503950664868,0.0472152630564656,0.018307959144343803,0.007901329735979958
253,5189,5188,0.5292983808789514,0.4707016191210486,0.19063222821896686,0.09656900539707017,0.04722436391673092,0.01831148804934464,0.007902852737085582
254,5188,5187,0.5292076344707923,0.4707923655292076,0.19066898014266434,0.09658762290341237,0.04723346828609987,0.018315018315018316,0.007904376325428958
255,5187,5186,0.5293096799074432,0.4706903200925569,0.1907057462398766,0.09660624758966448,0.04724257616660239,0.018318549942151947,0.007905900501349789
256,5186,5185,0.5292189006750241,0.4707810993249759,0.19074252651880425,0.09662487945998072,0.04725168756027001,0.01832208293153327,0.007907425265188043
257,5185,5184,0.529320987654321,0.470679012345679,0.19058641975308643,0.09664351851851852,0.047260802469135804,0.01832561728395062,0.007908950617283951
258,5184,5183,0.5294231140266255,0.4705768859733745,0.19062319120200655,0.09666216476943855,0.04726992089523442,0.018329153000192937,0.007910476557978005
259,5183,5182,0.5295252798147433,0.47047472018525666,0.1906599768429178,0.09668081821690468,0.04727904284060208,0.018332690081049787,0.007912003087610961
260,5182,5181,0.5294344721096313,0.47056552789036865,0.19069677668403784,0.09669947886508395,0.047288168307276585,0.01833622852731133,0.007913530206523836
261,5181,5180,0.5293436293436293,0.47065637065637067,0.19073359073359072,0.09671814671814671,0.0472972972972973,0.01833976833976834,0.007915057915057915
262,5180,5179,0.5292527514964279,0.47074724850357214,0.1907704189998069,0.09673682178026646,0.04730642981270516,0.018343309519212203,0.00791658621355474
263,5179,5178,0.5293549633062958,0.4706450366937041,0.19061413673232908,0.09656237929702588,0.04712244109694863,0.018153727307840865,0.00772499034376207
264,5178,5177,0.529457214603052,0.47054278539694805,0.19045779408924088,0.09658103148541626,0.047131543364883136,0.018157233919258258,0.007726482518833301
265,5177,5176,0.5293663060278208,0.4706336939721793,0.19049459041731068,0.09659969088098919,0.04714064914992272,0.018160741885625966,0.0077279752704791345
266,5176,5175,0.5294685990338164,0.47053140096618357,0.19053140096618357,0.0966183574879227,0.04714975845410628,0.01816425120772947,0.007729468599033816
267,5175,5174,0.5295709315809818,0.47042906841901816,0.19056822574410515,0.09663703131039815,0.047158871279474296,0.01816776188635485,0.007730962504831852
268,5174,5173,0.529479992267543,0.470520007732457,0.1906050647593273,0.09665571235260004,0.04716798762806882,0.018171273922288806,0.007732456988208003
269,5173,5172,0.5295823665893271,0.47041763341067283,0.19044856921887085,0.09667440061871617,0.04717710750193349,0.01817478731631864,0.007733952049497293
270,5172,5171,0.5296847805066718,0.47031521949332816,0.19029201315026106,0.09669309611293754,0.04718623090311352,0.018178302069232256,0.007735447689035003
271,5171,5170,0.5297872340425532,0.4702127659574468,0.19013539651837524,0.0965183752417795,0.04719535783365571,0.01818181818181818,0.007736943907156673
272,5170,5169,0.5296962662023602,0.4703037337976398,0.1901721803056684,0.09653704778487135,0.047204488295608436,0.018185335654865544,0.007738440704198104
273,5169,5168,0.5296052631578947,0.47039473684210525,0.19020897832817338,0.09655572755417957,0.04721362229102167,0.018188854489164085,0.007739938080495356
274,5168,5167,0.5297077607896264,0.4702922392103735,0.1900522546932456,0.09638087865299012,0.04702922392103735,0.017998838784594542,0.007547900135475131
275,5167,5166,0.5296167247386759,0.47038327526132406,0.19008904374758034,0.09639953542392567,0.047038327526132406,0.018002322880371662,0.007549361207897794
276,5166,5165,0.5295256534365924,0.47047434656340753,0.19012584704743465,0.09641819941916747,0.04704743465634075,0.018005808325266215,0.007550822846079381
277,5165,5164,0.5294345468628969,0.470565453137103,0.19016266460108444,0.09643687064291247,0.0470565453137103,0.01800929512006197,0.007552285050348567
278,5164,5163,0.5295370908386597,0.4704629091613403,0.19000581057524696,0.09645554909936084,0.04706565950029053,0.01801278326554329,0.007553747821034283
279,5163,5162,0.5294459511817126,0.4705540488182875,0.19004261913986828,0.096474234792716,0.0470747772181325,0.018016272762495157,0.007555211158465711
280,5162,5161,0.5293547762061616,0.4706452237938384,0.19007944196861074,0.09649292772718465,0.0470838984692889,0.018019763611703158,0.007556675062972292
281,5161,5160,0.5292635658914728,0.4707364341085271,0.19011627906976744,0.09651162790697675,0.04709302325581395,0.01802325581395349,0.007558139534883721
282,5160,5159,0.5291723202170964,0.4708276797829037,0.19015313045163793,0.09653033533630549,0.04710215157976352,0.018026749370032954,0.007559604574529948
283,5159,5158,0.5290810391624661,0.47091896083753393,0.1901899961225281,0.09654905001938736,0.04711128344319504,0.018030244280728965,0.007561070182241178
284,5158,5157,0.5291836338956758,0.4708163661043242,0.19003296490207486,0.09637386077176653,0.04692650765949195,0.018033740546829553,0.0075625363583478765
285,5157,5156,0.5292862684251358,0.47071373157486424,0.19006982156710628,0.09639255236617533,0.04693560899922421,0.01803723816912335,0.0075640031031807605
286,5156,5155,0.5291949563530552,0.4708050436469447,0.1901066925315228,0.09641125121241513,0.046944713870029096,0.018040737148399613,0.007565470417070805
287,5155,5154,0.5292976329064804,0.4707023670935196,0.19014357780364766,0.09642995731470702,0.04695382227396197,0.018044237485448197,0.007566938300349243
288,5154,5153,0.5292062875994566,0.47079371240054335,0.1901804773918106,0.09644867067727537,0.04696293421307976,0.018047739181059577,0.007568406753347565
289,5153,5152,0.5293090062111802,0.4706909937888199,0.19021739130434784,0.09646739130434782,0.04697204968944099,0.018051242236024844,0.007569875776397516
290,5152,5151,0.5292176276451175,0.4707823723548826,0.190254319549602,0.0964861192001553,0.046981168705105804,0.0180547466511357,0.007571345369831101
291,5151,5150,0.5293203883495146,0.47067961165048544,0.19029126213592232,0.09650485436893204,0.04699029126213592,0.018058252427184465,0.007572815533980583
292,5150,5149,0.5292289765002913,0.4707710234997087,0.1903282190716644,0.09652359681491551,0.04699941736259468,0.018061759564964072,0.007574286269178481
293,5149,5148,0.5293317793317793,0.47066822066822067,0.19017094017094016,0.09634809634809635,0.046814296814296816,0.017871017871017872,0.007575757575757576
294,5148,5147,0.5292403341752477,0.47075966582475226,0.1902078880901496,0.09636681562074995,0.0468233922673402,0.017874489994171364,0.007577229454050903
295,5147,5146,0.529343179168286,0.47065682083171395,0.19024485036921882,0.0963855421686747,0.04683249125534396,0.017877963466770307,0.0075787019043917605
296,5146,5145,0.5294460641399417,0.47055393586005834,0.1900874635568513,0.09640427599611273,0.04684159378036929,0.017881438289601554,0.007580174927113703
297,5145,5144,0.5295489891135303,0.4704510108864697,0.18993001555209954,0.09642301710730948,0.046850699844479,0.017884914463452566,0.007581648522550544
298,5144,5143,0.5294575150690258,0.4705424849309741,0.18996694536262881,0.0964417655065137,0.046859809449737506,0.017888391989111414,0.00758312269103636
299,5143,5142,0.529560482302606,0.470439517697394,0.1898094126798911,0.09646052119797745,0.046868922598210815,0.017891870867366783,0.007584597432905484
300,5142,5141,0.5294689749076055,0.4705310250923945,0.18984633339817156,0.09647928418595604,0.046878039291966545,0.017895351099007976,0.007586072748492511
301,5141,5140,0.5295719844357977,0.47042801556420233,0.18988326848249026,0.09649805447470818,0.04688715953307393,0.0178988326848249,0.007587548638132296
302,5140,5139,0.5296750340533177,0.4703249659466822,0.1899202179412337,0.09651683206849582,0.046896283323603814,0.017902315625608095,0.007589025102159953
303,5139,5138,0.52958349552355,0.47041650447645,0.18995718178279486,0.09653561697158428,0.04690541066562865,0.017905799922148698,0.00759050214091086
304,5138,5137,0.5296865875024334,0.4703134124975667,0.1899941600155733,0.09655440918824217,0.0469145415612225,0.017909285575238465,0.0075919797547206545
305,5137,5136,0.5297897196261683,0.4702102803738318,0.19003115264797507,0.09657320872274143,0.04692367601246106,0.01791277258566978,0.007593457943925234
306,5136,5135,0.5296981499513145,0.47030185004868547,0.19006815968841284,0.09659201557935736,0.04693281402142162,0.017916260954235638,0.007594936708860759
307,5135,5134,0.5296065446045968,0.47039345539540317,0.1901051811453058,0.09661082976236852,0.04694195559018309,0.017919750681729647,0.007596416049863654
308,5134,5133,0.5297097214104812,0.4702902785895188,0.19014221702707967,0.09662965127605688,0.046951100720826026,0.017923241768946035,0.007597895967270602
309,5133,5132,0.5298129384255651,0.4701870615744349,0.1901792673421668,0.09664848012470771,0.04696024941543258,0.017926734216679657,0.007599376461418551
310,5132,5131,0.5297213018904697,0.4702786981095303,0.19021633209900604,0.09666731631260962,0.046969401676086535,0.01793022802572598,0.007600857532644709
311,5131,5130,0.5298245614035088,0.47017543859649125,0.19005847953216373,0.09649122807017543,0.04697855750487329,0.01793372319688109,0.00760233918128655
312,5130,5129,0.5297328914018327,0.4702671085981673,0.19009553519204522,0.09651004094365373,0.0469877169038799,0.017937219730941704,0.0076038214076818095
313,5129,5128,0.5296411856474259,0.4703588143525741,0.19013260530421217,0.09652886115444617,0.046996879875195005,0.01794071762870515,0.007605304212168487
314,5128,5127,0.5295494441193681,0.47045055588063195,0.19016968987712113,0.0965476887068461,0.047006046420908915,0.017944216890969377,0.0076067875950848445
315,5127,5126,0.5294576667967226,0.47054233320327743,0.19020678891923526,0.09656652360515021,0.04701521654311354,0.01794771751853297,0.007608271556769411
316,5126,5125,0.5295609756097561,0.4704390243902439,0.1902439024390244,0.09658536585365854,0.04702439024390244,0.01795121951219512,0.007609756097560975
317,5125,5124,0.529664324746292,0.47033567525370806,0.19008587041373926,0.09640905542544886,0.0468384074941452,0.01795472287275566,0.007611241217798595
318,5124,5123,0.5297677142299434,0.4702322857700566,0.19012297481944174,0.09642787429240679,0.04684755026351747,0.01795822760101503,0.007612726917821589
319,5123,5122,0.5296759078484967,0.47032409215150334,0.1901600937133932,0.09644670050761421,0.0468566966028895,0.017961733697774308,0.007614213197969543
320,5122,5121,0.5297793399726616,0.4702206600273384,0.19000195274360476,0.0964655340753759,0.04686584651435267,0.01796524116383519,0.007615700058582308
321,5121,5120,0.5296875,0.4703125,0.1900390625,0.096484375,0.046875,0.01796875,0.0076171875
322,5120,5119,0.5297909747997656,0.47020902520023444,0.19007618675522564,0.09650322328579801,0.046884157061926154,0.017972260207071693,0.007618675522563001
323,5119,5118,0.5296991012114107,0.47030089878858927,0.19011332551778037,0.0965220789370848,0.04689331770222743,0.01797577178585385,0.0076201641266119575
324,5118,5117,0.5298026187219074,0.47019738127809263,0.19015047879616964,0.09654094195817862,0.04690248192300176,0.017979284737150675,0.007621653312487786
325,5117,5116,0.5299061767005473,0.4700938232994527,0.18999218139171228,0.0965598123534011,0.04691164972634871,0.017982799061767005,0.007623143080531665
326,5116,5115,0.5298142717497556,0.4701857282502444,0.19002932551319648,0.09657869012707722,0.0469208211143695,0.01798631476050831,0.007624633431085044
327,5115,5114,0.529917872506844,0.47008212749315603,0.1898709425107548,0.0965975752835354,0.046929996089166995,0.01798983183418068,0.007626124364489636
328,5114,5113,0.5298259338939957,0.4701740661060043,0.18990807744963817,0.09661646782710738,0.04693917465284569,0.017993350283590847,0.007627615881087424
329,5113,5112,0.5297339593114241,0.4702660406885759,0.1899452269170579,0.09663536776212832,0.046948356807511735,0.017996870109546165,0.007629107981220657
330,5112,5111,0.5296419487380161,0.47035805126198393,0.18998239092154176,0.09665427509293681,0.046957542555272944,0.01800039131285463,0.007630600665231853
331,5111,5110,0.5295499021526419,0.47045009784735814,0.19001956947162427,0.09667318982387475,0.046966731898238745,0.018003913894324854,0.007632093933463796
332,5110,5109,0.5296535525543159,0.4703464474456841,0.19005676257584656,0.09669211195928754,0.046975924838520255,0.0180074378547661,0.007633587786259542
333,5109,5108,0.5295614722004699,0.47043852779953016,0.19009397024275645,0.09671104150352389,0.04698512137823023,0.018010963194988253,0.007635082223962412
334,5108,5107,0.5294693557861758,0.4705306442138242,0.19013119248090857,0.09672997846093596,0.04699432151948306,0.018014489915801842,0.0076365772469159975
335,5107,5106,0.5295730513121818,0.47042694868781826,0.1899725812769291,0.09655307481394437,0.04680767724245985,0.01782216999608304,0.00763807285546416
336,5106,5105,0.5294809010773751,0.4705190989226249,0.19000979431929482,0.09657198824681684,0.046816846229187074,0.0178256611165524,0.007639569049951028
337,5105,5104,0.5293887147335423,0.4706112852664577,0.19004702194357367,0.09659090909090909,0.04682601880877743,0.017829153605015673,0.007641065830721003
338,5104,5103,0.5292964922594552,0.47070350774054476,0.19008426415833823,0.09660983735057808,0.04683519498334313,0.01783264746227709,0.007642563198118754
339,5103,5102,0.5294002352018816,0.4705997647981184,0.18992551940415522,0.09662877303018425,0.04684437475499804,0.017836142689141514,0.00764406115248922
340,5102,5101,0.5295040188198392,0.4704959811801607,0.1899627524014899,0.09664771613409136,0.046853558125857675,0.017839639286414428,0.007645559694177613
341,5101,5100,0.5294117647058824,0.47058823529411764,0.19,0.09666666666666666,0.04686274509803921,0.01784313725490196,0.007647058823529412
342,5100,5099,0.5293194744067464,0.4706805255932536,0.19003726220827613,0.09668562463228084,0.046871935673661505,0.017846636595410866,0.00764855854089037
343,5099,5098,0.5292271479011377,0.4707728520988623,0.19007453903491564,0.09670459003530796,0.046881129854845036,0.01785013730874853,0.007650058846606513
344,5098,5097,0.5291347851677457,0.47086521483225424,0.19011183048852265,0.09672356288012557,0.04689032764371199,0.017853639395722973,0.007651559741024131
345,5097,5096,0.5292386185243328,0.4707613814756672,0.18995290423861852,0.09654631083202511,0.04689952904238619,0.017857142857142856,0.007653061224489796
346,5096,5095,0.529342492639843,0.470657507360157,0.18999018645731108,0.09656526005888126,0.04690873405299313,0.01786064769381747,0.007654563297350344
347,5095,5094,0.5294464075382803,0.4705535924617197,0.18983117393011387,0.09638790734197095,0.04672163329407145,0.017864153906556733,0.0076560659599528855
348,5094,5093,0.5293540153151384,0.4706459846848616,0.18986844688788534,0.09640683290791283,0.04673080698998625,0.017867661496171215,0.007657569212644807
349,5093,5092,0.5294579732914375,0.47054202670856243,0.1899057344854674,0.09642576590730557,0.04673998428908091,0.017871170463472114,0.007659073055773763
350,5092,5091,0.5293655470438028,0.4706344529561972,0.18994303673148694,0.09644470634452956,0.04674916519347869,0.01787468080927126,0.0076605774896876845
351,5091,5090,0.5294695481335953,0.47053045186640474,0.1899803536345776,0.09646365422396856,0.04675834970530452,0.01787819253438114,0.007662082514734774
352,5090,5089,0.5293770878365102,0.4706229121634899,0.19001768520337983,0.09648260955000983,0.04676753782668501,0.017881705639614855,0.0076635881312635094
353,5089,5088,0.5294811320754716,0.4705188679245283,0.19005503144654087,0.09650157232704402,0.046776729559748424,0.017885220125786163,0.0076650943396226415
354,5088,5087,0.5293886377039513,0.4706113622960488,0.19009239237271477,0.09652054255946531,0.046785924906624726,0.017888735993709454,0.0076666011401611955
355,5087,5086,0.5292961069602832,0.4707038930397169,0.19012976799056233,0.09653952025167126,0.04679512386944554,0.017892253244199765,0.00766810853322847
356,5086,5085,0.5294001966568338,0.4705998033431662,0.18997050147492625,0.09636184857423795,0.04680432645034415,0.01789577187807276,0.007669616519174041
357,5085,5084,0.5295043273013376,0.4704956726986625,0.19000786782061369,0.09638080251770259,0.04681353265145555,0.017899291896144767,0.007671125098347758
358,5084,5083,0.5296084989179618,0.47039150108203814,0.19004524886877827,0.0963997639189455,0.046822742474916385,0.017902813299232736,0.0076726342710997444
359,5083,5082,0.5297127115308934,0.47028728846910667,0.18988587170405352,0.09641873278236915,0.046831955922865015,0.01790633608815427,0.007674144037780401
360,5082,5081,0.5298169651643377,0.47018303483566226,0.1899232434560126,0.09643770911237945,0.04684117299744145,0.017909860263727612,0.007675654398740406
361,5081,5080,0.5299212598425197,0.4700787401574803,0.18996062992125984,0.09645669291338582,0.046850393700787404,0.017913385826771655,0.0076771653543307086
362,5080,5079,0.5298287064382753,0.47017129356172477,0.18999803110848593,0.09647568418980114,0.04685961803504627,0.017916912778105927,0.00767867690490254
363,5079,5078,0.5299330445057109,0.47006695549428906,0.19003544702638833,0.09649468294604174,0.046868846002363136,0.01792044111855061,0.007680189050807405
364,5078,5077,0.5300374236753989,0.46996257632460114,0.1898759109710459,0.09631672247390191,0.04668111089225921,0.017727004136300965,0.0074847350797715186
365,5077,5076,0.5299448384554768,0.47005516154452326,0.18991331757289204,0.09633569739952719,0.0466903073286052,0.01773049645390071,0.007486209613869189
366,5076,5075,0.5300492610837438,0.46995073891625616,0.18995073891625616,0.09635467980295566,0.046699507389162564,0.017733990147783252,0.00748768472906404
367,5075,5074,0.5299566417027985,0.4700433582972014,0.18998817500985415,0.0963736696886086,0.046708711076074105,0.017737485218762318,0.007489160425699646
368,5074,5073,0.5298639858072147,0.47013601419278533,0.19002562586240884,0.09639266706091071,0.04671791839148433,0.017740981667652277,0.00749063670411985
369,5073,5072,0.5299684542586751,0.47003154574132494,0.19006309148264985,0.09641167192429022,0.04672712933753943,0.01774447949526814,0.00749211356466877
370,5072,5071,0.5300729639124433,0.4699270360875567,0.18990337211595346,0.09643068428317886,0.0467363439163873,0.017747978702425556,0.007493591007690791
371,5071,5070,0.5301775147928994,0.46982248520710057,0.18994082840236687,0.09644970414201183,0.04674556213017751,0.01775147928994083,0.007495069033530572
372,5070,5069,0.5300848293549023,0.46991517064509764,0.18997829946735056,0.09646873150522786,0.04675478398106135,0.017754981258630894,0.007496547642533044
373,5069,5068,0.5299921073401737,0.47000789265982634,0.1900157853196527,0.09648776637726914,0.04676400947119179,0.017758484609313337,0.00749802683504341
374,5068,5067,0.5300967041641997,0.46990329583580026,0.19005328596802842,0.09650680876258141,0.046773238602723505,0.017761989342806393,0.007499506611407144
375,5067,5066,0.5302013422818792,0.4697986577181208,0.18989340702724042,0.09632846427161469,0.04658507698381366,0.017568101065929726,0.007500986971969996
376,5066,5065,0.5301085883514314,0.4698914116485686,0.1899308983218164,0.09634748272458045,0.046594274432379075,0.0175715695952616,0.007502467917077986
377,5065,5064,0.5300157977883097,0.46998420221169035,0.18996840442338073,0.09636650868878358,0.04660347551342812,0.017575039494470774,0.007503949447077409
378,5064,5063,0.5301204819277109,0.46987951807228917,0.1900059253407071,0.0963855421686747,0.046612680229113176,0.017578510764368952,0.0075054315623148335
379,5063,5062,0.5300276570525484,0.4699723429474516,0.19004346108257605,0.09640458316870802,0.046621888581588306,0.01758198340576847,0.0075069142631371
380,5062,5061,0.5301323849041691,0.46986761509583086,0.19008101165777513,0.09642363169334124,0.04663110057300929,0.017585457419482316,0.007508397549891326
381,5061,5060,0.5300395256916997,0.4699604743083004,0.19011857707509883,0.09644268774703557,0.0466403162055336,0.01758893280632411,0.007509881422924901
382,5060,5059,0.5301442972919549,0.46985570270804505,0.19015615734334848,0.09646175133425579,0.04664953548132042,0.017592409567108124,0.0075113658825854916
383,5059,5058,0.5302491103202847,0.4697508896797153,0.18999604586793198,0.09628311585606959,0.04646105179913009,0.017398181099248716,0.007512850929221036
384,5058,5057,0.5303539648012656,0.46964603519873444,0.1900336167688353,0.09630215542811944,0.04647023927229583,0.017401621514732055,0.007514336563179751
385,5057,5056,0.5304588607594937,0.46954113924050633,0.19007120253164558,0.09632120253164557,0.04647943037974683,0.01740506329113924,0.007515822784810127
386,5056,5055,0.5305637982195845,0.46943620178041545,0.18991097922848665,0.09614243323442137,0.04629080118694362,0.017408506429277944,0.00751730959446093
387,5055,5054,0.5306687772061733,0.46933122279382666,0.18975069252077562,0.0959635931935101,0.04610209734863475,0.01741195092995647,0.007518796992481203
388,5054,5053,0.5307737977439145,0.46922620225608547,0.18978824460716406,0.09598258460320602,0.04611122105679794,0.01741539679398377,0.007520284979220265
389,5053,5052,0.5308788598574822,0.4691211401425178,0.18982581155977832,0.09600158353127475,0.04612034837688044,0.01741884402216944,0.007521773555027712
390,5052,5051,0.53098396357157,0.46901603642843004,0.18966541278954663,0.09582260938428035,0.04612947931102752,0.017422292615323697,0.007523262720253415
391,5051,5050,0.5308910891089109,0.4691089108910891,0.1897029702970297,0.09584158415841584,0.04613861386138614,0.017425742574257427,0.0075247524752475245
392,5050,5049,0.5309962368785898,0.4690037631214102,0.18974054268171917,0.09586056644880174,0.046147752030104974,0.017429193899782137,0.007526242820360468
393,5049,5048,0.5311014263074485,0.4688985736925515,0.1897781299524564,0.09587955625990491,0.04615689381933439,0.017432646592709985,0.007527733755942948
394,5048,5047,0.5312066574202496,0.46879334257975036,0.18981573211808994,0.09589855359619576,0.046166039231226474,0.017436100653853776,0.007529225282345948
395,5047,5046,0.5311137534680935,0.46888624653190647,0.18985334918747523,0.09591755846214824,0.046175188267935,0.01743955608402695,0.0075307173999207295
396,5046,5045,0.5310208126858276,0.46897918731417243,0.18989098116947473,0.09593657086223985,0.04618434093161546,0.017443012884043606,0.0075322101090188305
397,5045,5044,0.5311260904044409,0.4688739095955591,0.18992862807295796,0.09595559080095163,0.04619349722442506,0.017446471054718478,0.00753370340999207
398,5044,5043,0.5310331152092008,0.4689668847907991,0.1899662899068015,0.0959746182827682,0.0462026571485227,0.017449930596866944,0.007535197303192544
399,5043,5042,0.5311384371281238,0.46886156287187625,0.1898056326854423,0.09579531931773105,0.04621182070606902,0.01745339151130504,0.00753669178897263
400,5042,5041,0.5310454274945448,0.46895457250545525,0.1898432850624876,0.0958143225550486,0.046220987899226344,0.017456853798849436,0.007538186867684983
401,5041,5040,0.5311507936507937,0.46884920634920635,0.18968253968253967,0.09583333333333334,0.04623015873015873,0.01746031746031746,0.00753968253968254
402,5040,5039,0.5310577495534828,0.46894225044651716,0.18972018257590792,0.09585235165707481,0.04623933320103195,0.017463782496527087,0.007541178805318516
403,5039,5038,0.5311631599841207,0.46883684001587933,0.18975784041286226,0.09587137753076617,0.046248511314013495,0.017467248908296942,0.007542675664946407
404,5038,5037,0.5310700813976573,0.4689299186023427,0.18979551320230295,0.0958904109589041,0.04625769307127258,0.017470716696446297,0.007544173118919992
405,5037,5036,0.5309769658459095,0.4690230341540905,0.1898332009531374,0.09590945194598888,0.04626687847498014,0.017474185861795076,0.007545671167593328
406,5036,5035,0.5308838133068521,0.469116186693148,0.18987090367428003,0.09592850049652434,0.04627606752730884,0.01747765640516385,0.007547169811320755
407,5035,5034,0.5309892729439809,0.4690107270560191,0.18990862137465236,0.09594755661501787,0.046285260230433056,0.01748112832737386,0.007548669050456893
408,5034,5033,0.5310947744883767,0.4689052255116233,0.189946354063183,0.09596662030598054,0.046294456586528906,0.01748460162924697,0.007550168885356646
409,5033,5032,0.5310015898251192,0.46899841017488075,0.18998410174880764,0.09598569157392686,0.046303656597774245,0.017488076311605722,0.007551669316375199
410,5032,5031,0.5311071357582986,0.46889286424170146,0.1900218644404691,0.09600477042337507,0.04631286026634864,0.017491552375273306,0.007553170343868018
411,5031,5030,0.531013916500994,0.46898608349900595,0.1900596421471173,0.09602385685884691,0.0463220675944334,0.01749502982107356,0.0075546719681908545
412,5030,5029,0.5311195068602108,0.46888049313978925,0.18989858818850666,0.09604295088486776,0.04633127858421157,0.01749850864983098,0.007556174189699742
413,5029,5028,0.531225139220366,0.46877486077963404,0.18973747016706444,0.09606205250596658,0.04634049323786794,0.017501988862370723,0.007557677008750994
414,5028,5027,0.5313308136065248,0.4686691863934752,0.18977521384523574,0.09608116172667595,0.04634971155758902,0.0175054704595186,0.007559180425701213
415,5027,5026,0.5312375646637485,0.4687624353362515,0.18981297254277757,0.09610027855153204,0.04635893354556307,0.017508953442101075,0.007560684440907282
416,5026,5025,0.5313432835820896,0.46865671641791046,0.18985074626865672,0.09611940298507463,0.0463681592039801,0.017512437810945275,0.007562189054726368
417,5025,5024,0.53125,0.46875,0.18988853503184713,0.09613853503184713,0.046377388535031844,0.01751592356687898,0.007563694267515924
418,5024,5023,0.5311566792753335,0.46884332072466656,0.1899263388413299,0.09615767469639658,0.046386621540911804,0.01751941071073064,0.007565200079633685
419,5023,5022,0.5310633213859021,0.468936678614098,0.18996415770609318,0.0961768219832736,0.046395858223815215,0.01752289924332935,0.007566706491437674
420,5022,5021,0.5309699263095001,0.4690300736904999,0.19000199163513246,0.09619597689703246,0.04640509858593905,0.01752638916550488,0.007568213503286198
421,5021,5020,0.5308764940239044,0.46912350597609564,0.1900398406374502,0.09621513944223108,0.046414342629482075,0.01752988047808765,0.007569721115537849
422,5020,5019,0.5307830245068739,0.46921697549312613,0.19007770472205618,0.09623430962343096,0.04642359035664475,0.017533373181908746,0.007571229328551504
423,5019,5018,0.5308888003188521,0.4691111996811479,0.18991630131526505,0.09605420486249502,0.046432841769629335,0.01753686727779992,0.00757273814268633
424,5018,5017,0.5309946182977875,0.46900538170221245,0.18975483356587602,0.09587402830376719,0.046242774566473986,0.017341040462427744,0.007374925254135938
425,5017,5016,0.5311004784688995,0.4688995215311005,0.1895933014354067,0.09589314194577353,0.046251993620414676,0.017344497607655503,0.007376395534290271
426,5016,5015,0.5312063808574277,0.4687936191425723,0.18943170488534397,0.09591226321036889,0.04626121635094716,0.017347956131605183,0.007377866400797607
427,5015,5014,0.5313123254886318,0.46868767451136817,0.189270043877144,0.09573195053849222,0.046270442760271244,0.017351416035101715,0.007379337854008776
428,5014,5013,0.5314183123877917,0.46858168761220825,0.18930779972072612,0.09575104727707959,0.04627967285058847,0.017354877318970677,0.007380809894274885
429,5013,5012,0.5313248204309656,0.4686751795690343,0.18934557063048682,0.09577015163607343,0.04628890662410216,0.01735833998403831,0.007382282521947326
430,5012,5011,0.5314308521253243,0.46856914787467574,0.18938335661544603,0.09578926362003592,0.04629814408301736,0.017361804031131512,0.007383755737377769
431,5011,5010,0.5315369261477045,0.4684630738522954,0.18922155688622755,0.09580838323353294,0.04630738522954092,0.017365269461077845,0.007385229540918164
432,5010,5009,0.5314434018766221,0.4685565981233779,0.18925933320023958,0.09582751048113396,0.046316630065881416,0.01736873627470553,0.007386703932920743
433,5009,5008,0.5315495207667732,0.46845047923322686,0.18929712460063897,0.09584664536741214,0.0463258785942492,0.01737220447284345,0.007388178913738019
434,5008,5007,0.5314559616536848,0.46854403834631514,0.18933493109646496,0.09586578789694428,0.046335130816856404,0.01737567405632115,0.007389654483722788
435,5007,5006,0.5315621254494607,0.46843787455053937,0.18917299240910906,0.09588493807431082,0.0463443867359169,0.017379145025968837,0.007391130643228126
436,5006,5005,0.5316683316683317,0.46833166833166834,0.189010989010989,0.0957042957042957,0.046153846153846156,0.017382617382617382,0.007392607392607393
437,5005,5004,0.5317745803357314,0.46822541966426856,0.18904876099120704,0.0957234212629896,0.046163069544364506,0.01738609112709832,0.007394084732214229
438,5004,5003,0.5318808714771137,0.4681191285228863,0.1890865480711573,0.09574255446731961,0.046172296622026786,0.017389566260243853,0.007395562662402559
439,5003,5002,0.5317872850859656,0.4682127149140344,0.18912435025989605,0.09576169532187125,0.04618152738904438,0.017393042782886847,0.00739704118352659
440,5002,5001,0.5316936612677464,0.4683063387322535,0.1891621675664867,0.09578084383123375,0.04619076184763048,0.01739652069586083,0.007398520295940812
441,5001,5000,0.5318,0.4682,0.189,0.0956,0.0462,0.0174,0.0074
442,5000,4999,0.5317063412682537,0.46829365873174633,0.1890378075615123,0.09561912382476495,0.04620924184836967,0.01740348069613923,0.007401480296059212
443,4999,4998,0.531812725090036,0.468187274909964,0.18907563025210083,0.09563825530212085,0.046218487394957986,0.017406962785114045,0.007402961184473789
444,4998,4997,0.5319191514908945,0.4680808485091055,0.1891134680808485,0.09565739443666199,0.04622773664198519,0.017410446267760657,0.007404442665599359
445,4997,4996,0.5320256204963971,0.4679743795036029,0.18915132105684548,0.09567654123298638,0.04623698959167334,0.017413931144915934,0.007405924739791833
446,4996,4995,0.5319319319319319,0.46806806806806805,0.1891891891891892,0.09569569569569569,0.04624624624624624,0.017417417417417418,0.007407407407407408
447,4995,4994,0.5320384461353624,0.46796155386463756,0.1892270724869844,0.09571485782939528,0.046255506607929514,0.017420905086103323,0.007408890668802563
448,4994,4993,0.5319447226116564,0.4680552773883437,0.18926497095934308,0.09573402763869417,0.04626477067895053,0.017424394151812538,0.0074103745243340674
449,4993,4992,0.532051282051282,0.46794871794871795,0.1893028846153846,0.09575320512820513,0.046274038461538464,0.017427884615384616,0.007411858974358974
450,4992,4991,0.5321578841915447,0.4678421158084552,0.1891404528150671,0.09577239030254459,0.04628330995792426,0.01743137647765979,0.007413344019234622
451,4991,4990,0.5322645290581163,0.4677354709418838,0.18897795591182365,0.09559118236472947,0.04629258517034068,0.01743486973947896,0.007414829659318637
452,4990,4989,0.5323712166766887,0.46762878332331126,0.1890158348366406,0.09561034275405893,0.04630186410102225,0.017438364401683705,0.007416315894968932
453,4989,4988,0.5324779470729751,0.46752205292702487,0.1888532477947073,0.0954290296712109,0.046311146752205296,0.01744186046511628,0.007417802726543705
454,4988,4987,0.5325847202727091,0.46741527972729097,0.1886905955484259,0.09544816522959695,0.046320433126127936,0.01744535793061961,0.007419290154401444
455,4987,4986,0.5326915363016446,0.4673084636983554,0.1887284396309667,0.09546730846369836,0.04632972322503008,0.017448856799037304,0.007420778178900923
456,4986,4985,0.5325977933801405,0.4674022066198596,0.18876629889669008,0.09548645937813441,0.04633901705115346,0.01745235707121364,0.007422266800401204
457,4985,4984,0.5325040128410915,0.4674959871589085,0.18880417335473515,0.09550561797752809,0.046348314606741575,0.017455858747993578,0.0074237560192616375
458,4984,4983,0.5324101946618502,0.4675898053381497,0.18884206301424844,0.09552478426650612,0.046357615894039736,0.017459361830222758,0.007425245835841862
459,4983,4982,0.532517061421116,0.46748293857888396,0.18887996788438377,0.09554395824969891,0.04636692091529506,0.01746286631874749,0.0074267362505018066
460,4982,4981,0.5324232081911263,0.46757679180887374,0.18891788797430234,0.09556313993174062,0.046376229672756474,0.017466372214414775,0.007428227263601686
461,4981,4980,0.5325301204819277,0.4674698795180723,0.1889558232931727,0.09558232931726908,0.0463855421686747,0.01746987951807229,0.007429718875502008
462,4980,4979,0.5324362321751356,0.4675637678248644,0.18899377385017072,0.09560152641092588,0.04639485840530227,0.017473388230568387,0.007431211086563567
463,4979,4978,0.532342306147047,0.46765769385295297,0.18903173965447972,0.09562073121735637,0.04640417838489353,0.01747689835275211,0.007432703897147449
464,4978,4977,0.5324492666264818,0.46755073337351816,0.18886879646373317,0.09563994374120956,0.046413502109704644,0.017480409885473176,0.007434197307615029
465,4977,4976,0.532355305466238,0.46764469453376206,0.18890675241157556,0.09565916398713827,0.04642282958199357,0.017483922829581992,0.007435691318327975
466,4976,4975,0.5324623115577889,0.46753768844221105,0.18874371859296482,0.09547738693467336,0.0464321608040201,0.017487437185929648,0.007437185929648241
467,4975,4974,0.5325693606755126,0.4674306393244873,0.1887816646562123,0.09549658222758343,0.046441495778045835,0.017490952955367914,0.007438681141938078
468,4974,4973,0.5324753669817012,0.46752463301829883,0.1888196259802936,0.09551578524029761,0.04645083450633421,0.017494470138749246,0.007440176955560024
469,4973,4972,0.5323813354786806,0.4676186645213194,0.18885760257441672,0.09553499597747385,0.046460176991150445,0.01749798873692679,0.007441673370876911
470,4972,4971,0.5324884329108831,0.4675115670891169,0.18889559444779722,0.09555421444377389,0.04646952323476162,0.017501508750754374,0.007443170388251861
471,4971,4970,0.5325955734406439,0.46740442655935616,0.18893360160965794,0.09557344064386318,0.04647887323943662,0.01750503018108652,0.00744466800804829
472,4970,4969,0.5325015093580198,0.4674984906419803,0.1889716240692292,0.09559267458241094,0.04648822700744617,0.017508553028778427,0.0074461662306299055
473,4969,4968,0.532608695652174,0.4673913043478261,0.1888083735909823,0.09541062801932366,0.046296296296296294,0.017310789049919485,0.007246376811594203
474,4968,4967,0.5327159251056977,0.4672840748943024,0.18884638614858062,0.0954298369236964,0.04630561707267969,0.01731427420978458,0.007247835715723777
475,4967,4966,0.5326218284333467,0.46737817156665323,0.18888441401530406,0.09544905356423682,0.046314941602899715,0.017317760773258157,0.00724929520741039
476,4966,4965,0.5327291037260826,0.46727089627391744,0.18872104733131922,0.09526686807653575,0.04612286002014099,0.01732124874118832,0.0072507552870090634
477,4965,4964,0.532836422240129,0.46716357775987105,0.1887590652699436,0.09528605962933119,0.04613215149073328,0.01732473811442385,0.007252215954875101
478,4964,4963,0.5329437840016119,0.4670562159983881,0.18859560749546644,0.09510376788232924,0.0461414467056216,0.017328228893814225,0.007253677211364095
479,4963,4962,0.5328496573962112,0.4671503426037888,0.18863361547763,0.0951229343006852,0.04615074566706973,0.017331721080209594,0.007255139056831923
480,4962,4961,0.5327554928441847,0.46724450715581534,0.18867163878250354,0.09514210844587785,0.04616004837734328,0.017335214674460794,0.007256601491634751
481,4961,4960,0.5326612903225807,0.46733870967741936,0.18870967741935485,0.09516129032258064,0.04616935483870968,0.017338709677419354,0.007258064516129033
482,4960,4959,0.5325670498084292,0.4674329501915709,0.18874773139745918,0.09518047993547087,0.04617866505343819,0.017342206089937487,0.007259528130671506
483,4959,4958,0.5326744655102864,0.4673255344897136,0.18858410649455426,0.09519967728922953,0.04618797902379992,0.01734570391286809,0.007260992335619202
484,4958,4957,0.5325801896308251,0.4674198103691749,0.18862215049425055,0.09521888238854145,0.04619729675206778,0.017349203147064757,0.007262457131329433
485,4957,4956,0.5326876513317191,0.46731234866828086,0.18866020984665052,0.09523809523809523,0.04620661824051655,0.01735270379338176,0.007263922518159807
486,4956,4955,0.5327951564076691,0.467204843592331,0.18849646821392532,0.09525731584258325,0.04621594349142281,0.017356205852674066,0.007265388496468214
487,4955,4954,0.5329027048849415,0.46709729511505854,0.18853451756156642,0.09527654420670166,0.046225272507065,0.017359709325797335,0.0072668550666128385
488,4954,4953,0.5330102967898244,0.46698970321017563,0.18857258227336968,0.09529578033515042,0.0462346052897234,0.017363214213607914,0.0072683222289521504
489,4953,4952,0.5329159935379645,0.4670840064620355,0.18861066235864296,0.09531502423263329,0.04624394184168013,0.017366720516962843,0.007269789983844911
490,4952,4951,0.5330236315895779,0.4669763684104221,0.18864875782670168,0.0953342759038578,0.04625328216521915,0.017370228236719853,0.007271258331650172
491,4951,4950,0.5329292929292929,0.4670707070707071,0.18868686868686868,0.09535353535353536,0.04626262626262626,0.017373737373737375,0.007272727272727273
492,4950,4949,0.5330369771671045,0.46696302283289554,0.18872499494847444,0.09537280258638109,0.04627197413618913,0.01737724792887452,0.007274196807435846
493,4949,4948,0.5331447049312854,0.46685529506871465,0.18876313662085692,0.09539207760711399,0.04628132578819725,0.017380759902991108,0.007275666936135812
494,4948,4947,0.533050333535476,0.46694966646452396,0.18880129371336163,0.09541136042045684,0.04629068122094199,0.017384273296947646,0.0072771376591873865
495,4947,4946,0.532955923978973,0.4670440760210271,0.1888394662353417,0.09543065103113627,0.04630004043671654,0.017387788111605337,0.007278608976951072
496,4946,4945,0.5328614762386249,0.4671385237613751,0.18887765419615773,0.09544994944388271,0.04630940343781598,0.017391304347826087,0.007280080889787664
497,4945,4944,0.5327669902912622,0.4672330097087379,0.18891585760517798,0.09546925566343042,0.046318770226537215,0.017394822006472493,0.007281553398058253
498,4944,4943,0.5326724661136961,0.4673275338863039,0.18895407647177828,0.0954885696945175,0.04632814080517904,0.017398341088407848,0.007283026502124216
499,4943,4942,0.5327802509105626,0.4672197490894375,0.188789963577499,0.0953055443140429,0.04613516794819911,0.017401861594496155,0.007284500202347228
500,4942,4941,0.5326856911556365,0.4673143088443635,0.18882817243472982,0.09532483302975106,0.0461445051608986,0.017405383525602103,0.007285974499089253
501,4941,4940,0.5325910931174089,0.46740890688259107,0.1888663967611336,0.09534412955465588,0.046153846153846156,0.017408906882591092,0.0072874493927125505
502,4940,4939,0.532496456772626,0.467503543227374,0.1889046365661065,0.09536343389350072,0.046163190929337926,0.017412431666329217,0.007288924883579672
503,4939,4938,0.532604293236128,0.467395706763872,0.18894289185905225,0.09538274605103281,0.046172539489671933,0.017415957877683273,0.007290400972053463
504,4938,4937,0.5327121733846465,0.46728782661535345,0.18898116264938222,0.09540206603200324,0.04618189183714807,0.01741948551752076,0.007291877658497063
505,4937,4936,0.5326175040518638,0.46738249594813613,0.1890194489465154,0.09542139384116693,0.046191247974068074,0.017423014586709886,0.007293354943273906
506,4936,4935,0.5325227963525836,0.4674772036474164,0.1890577507598784,0.09544072948328268,0.046200607902735565,0.017426545086119554,0.00729483282674772
507,4935,4934,0.532428050263478,0.4675719497365221,0.18909606809890556,0.0954600729631131,0.04620997162545602,0.017430077016619375,0.007296311309282529
508,4934,4933,0.5325359821609568,0.4674640178390432,0.1891344009730387,0.09547942428542469,0.04621933914453679,0.01743361037907967,0.007297790391242651
509,4933,4932,0.5326439578264396,0.4673560421735604,0.18917274939172748,0.09549878345498783,0.046228710462287104,0.017437145174371452,0.0072992700729927005
510,4932,4931,0.532549178665585,0.4674508213344149,0.1892111133644291,0.09551815047657676,0.04623808558101805,0.017440681403366458,0.007300750354897587
511,4931,4930,0.5324543610547667,0.46754563894523327,0.18924949290060852,0.09553752535496958,0.046247464503042596,0.01744421906693712,0.007302231237322515
512,4930,4929,0.5325623858794888,0.46743761412051127,0.18928788800973828,0.09555690809494827,0.04625684723067559,0.017447758165956583,0.007303712720632989
513,4929,4928,0.5324675324675324,0.4675324675324675,0.1893262987012987,0.0955762987012987,0.04626623376623377,0.0174512987012987,0.007305194805194805
514,4928,4927,0.5323726405520601,0.4676273594479399,0.18936472498477774,0.09559569717881064,0.04627562411203572,0.017454840673838037,0.007306677491374061
515,4927,4926,0.5324807145757207,0.46751928542427934,0.18940316686967112,0.09561510353227771,0.04628501827040195,0.017458384084449857,0.007308160779537149
516,4926,4925,0.5323857868020304,0.46761421319796953,0.18944162436548223,0.09563451776649746,0.04629441624365482,0.017461928934010152,0.007309644670050761
517,4925,4924,0.5322908204711616,0.46770917952883834,0.18948009748172218,0.09565393988627133,0.0463038180341186,0.017465475223395612,0.007311129163281885
518,4924,4923,0.5323989437334958,0.46760105626650417,0.18951858622790982,0.09567336989640463,0.04631322364411944,0.017469022953483647,0.007312614259597806
519,4923,4922,0.5323039414872003,0.46769605851279966,0.18955709061357173,0.09569280780170662,0.04632263307598537,0.017472572125152377,0.007314099959366111
520,4922,4921,0.5324121113594797,0.4675878886405202,0.18959561064824224,0.09571225360699046,0.04633204633204633,0.017476122739280633,0.007315586262954684
521,4921,4920,0.5323170731707317,0.4676829268292683,0.18963414634146342,0.09573170731707317,0.046341463414634146,0.017479674796747967,0.007317073170731708
522,4920,4919,0.532425289693027,0.46757471030697295,0.1896726977027851,0.09575116893677577,0.04635088432608254,0.01748322829843464,0.007318560683065664
523,4919,4918,0.5323302155347702,0.4676697844652298,0.18971126474176495,0.09577063847092314,0.046360309068727124,0.017486783245221633,0.0073200488003253355
524,4918,4917,0.5324384787472036,0.46756152125279643,0.18954647142566605,0.09579011592434411,0.04636973764490543,0.017490339637990644,0.007321537522879805
525,4917,4916,0.5323433685923515,0.4676566314076485,0.18958502847843775,0.09580960130187144,0.046379170056956874,0.017493897477624084,0.007323026851098454
526,4916,4915,0.5322482197355035,0.46775178026449643,0.1896236012207528,0.09582909460834181,0.04638860630722279,0.017497456765005085,0.007324516785350966
527,4915,4914,0.5321530321530321,0.46784696784696783,0.18966218966218967,0.09584859584859586,0.0463980463980464,0.017501017501017502,0.007326007326007326
528,4914,4913,0.5322613474455526,0.4677386525544474,0.18970079381233462,0.09586810502747813,0.04640749033177285,0.0175045796865459,0.0073274984734378185
529,4913,4912,0.5323697068403909,0.46763029315960913,0.18973941368078176,0.09588762214983713,0.046416938110749185,0.01750814332247557,0.007328990228013029
530,4912,4911,0.5322744858480961,0.4677255141519039,0.18977804927713296,0.09590714722052535,0.046426389737324374,0.017511708409692527,0.007330482590103849
531,4911,4910,0.5323828920570265,0.4676171079429735,0.18981670061099795,0.09592668024439918,0.04643584521384929,0.017515274949083504,0.007331975560081467
532,4910,4909,0.5322876349562029,0.4677123650437971,0.1898553676919943,0.095946221226319,0.046445304542676716,0.017518842941535953,0.007333469138317376
533,4909,4908,0.53239608801956,0.4676039119804401,0.18969030154849226,0.09576202118989405,0.04625101874490627,0.017318663406682967,0.00713121434392828
534,4908,4907,0.5323007947829631,0.4676992052170369,0.18972895863052783,0.09578153658039536,0.04626044426329733,0.01732219278581618,0.007132667617689016
535,4907,4906,0.5322054626987363,0.46779453730126375,0.18976763147166734,0.09580105992662047,0.04626987362413371,0.01732572360375051,0.007134121483897269
536,4906,4905,0.5321100917431193,0.46788990825688076,0.18980632008154943,0.09582059123343527,0.04627930682976555,0.017329255861365953,0.007135575942915392
537,4905,4904,0.5322185970636215,0.4677814029363785,0.1896411092985318,0.09563621533442088,0.046288743882544864,0.01733278955954323,0.007137030995106036
538,4904,4903,0.5321231898837446,0.46787681011625537,0.1896797878849684,0.09565572098715072,0.04629818478482562,0.017336324699163776,0.007138486640832144
539,4903,4902,0.5320277437780497,0.4679722562219502,0.189718482252142,0.09567523459812322,0.04630762953896369,0.01733986128110975,0.007139942880456956
540,4902,4901,0.5319322587227097,0.46806774127729034,0.1897571924097123,0.09569475617220975,0.04631707814731687,0.017343399306264027,0.0071413997143440116
541,4901,4900,0.5318367346938776,0.46816326530612246,0.18979591836734694,0.09571428571428571,0.0463265306122449,0.017346938775510204,0.007142857142857143
542,4900,4899,0.5319452949581547,0.46805470504184526,0.18963053684425393,0.09573382322923045,0.04633598693610941,0.0173504796897326,0.007144315166360482
543,4899,4898,0.5318497345855451,0.46815026541445487,0.18966925275622704,0.09575336872192731,0.04634544712127399,0.017354022049816252,0.0071457737852184565
544,4898,4897,0.5317541351848071,0.468245864815193,0.18970798448029405,0.09577292219726363,0.046354911170104145,0.017357565856646925,0.007147232999795793
545,4897,4896,0.5318627450980392,0.4681372549019608,0.18974673202614378,0.09579248366013073,0.04636437908496732,0.017361111111111112,0.007148692810457516
546,4896,4895,0.5319713993871297,0.46802860061287027,0.18958120531154238,0.0958120531154239,0.04637385086823289,0.017364657814096015,0.007150153217568948
547,4895,4894,0.5320800980792808,0.46791990192071925,0.18961994278708622,0.0958316305680425,0.04638332652227217,0.01736820596648958,0.007151614221495709
548,4894,4893,0.5321888412017167,0.4678111587982833,0.18965869609646432,0.09585121602288985,0.04639280604945841,0.017371755569180462,0.00715307582260372
549,4893,4892,0.5320932134096484,0.4679067865903516,0.18969746524938674,0.09587080948487327,0.0464022894521668,0.017375306623058053,0.007154538021259199
550,4892,4891,0.532202003680229,0.467797996319771,0.18973625025557145,0.0958904109589041,0.04641177673277448,0.01737885912901247,0.007156000817828665
551,4891,4890,0.5323108384458077,0.4676891615541922,0.18957055214723925,0.09570552147239264,0.04621676891615542,0.017382413087934562,0.007157464212678937
552,4890,4889,0.5322151769277971,0.4677848230722029,0.18960932706074862,0.0957250971568828,0.0462262221313152,0.017385968500715894,0.007158928206177132
553,4889,4888,0.5321194762684124,0.46788052373158756,0.1896481178396072,0.09574468085106383,0.046235679214402615,0.01738952536824877,0.007160392798690671
554,4888,4887,0.532023736443626,0.46797626355637406,0.18968692449355432,0.09576427255985268,0.046245140167792104,0.017393083691426232,0.007161857990587273
555,4887,4886,0.5319279574293901,0.4680720425706099,0.1897257470323373,0.09578387228817029,0.046254604993860006,0.01739664347114204,0.0071633237822349575
556,4886,4885,0.5320368474923234,0.46796315250767656,0.1895598771750256,0.09559877175025588,0.04626407369498465,0.017400204708290685,0.007164790174002047
557,4885,4884,0.5319410319410319,0.4680589680589681,0.18959868959868958,0.09561834561834562,0.046273546273546275,0.017403767403767405,0.0071662571662571665
558,4884,4883,0.5318451771451976,0.46815482285480237,0.1896375179193119,0.09563792750358387,0.046283022731927095,0.017407331558468155,0.0071677247593692405
559,4883,4882,0.5319541171650962,0.4680458828349037,0.18947152806226955,0.09565751741089717,0.04629250307251127,0.017410897173289634,0.007169192953707497
560,4882,4881,0.5318582257734071,0.4681417742265929,0.18951034624052449,0.09567711534521614,0.0463019872976849,0.017414464249129277,0.007170661749641467
561,4881,4880,0.5317622950819673,0.4682377049180328,0.18954918032786885,0.09569672131147541,0.046311475409836066,0.017418032786885244,0.007172131147540984
562,4880,4879,0.5318712850994056,0.4681287149005944,0.18938307030129126,0.09571633531461365,0.04632096741135479,0.017421602787456445,0.007173601147776184
563,4879,4878,0.531980319803198,0.46801968019680196,0.18942189421894218,0.09573595735957359,0.04633046330463304,0.017425174251742517,0.007175071750717507
564,4878,4877,0.5318843551363543,0.4681156448636457,0.18946073405782243,0.09575558745130203,0.04633996309206479,0.017428747180643838,0.007176542956735698
565,4877,4876,0.5317883511074651,0.46821164889253486,0.18949958982772763,0.0957752255947498,0.04634946677604594,0.017432321575061527,0.007178014766201805
566,4876,4875,0.5316923076923077,0.4683076923076923,0.18953846153846154,0.0957948717948718,0.04635897435897436,0.017435897435897435,0.0071794871794871795
567,4875,4874,0.5318013951579811,0.46819860484201886,0.18937217890849406,0.095814526056627,0.046368485843249894,0.017439474764054164,0.0071809601969634795
568,4874,4873,0.531705315001026,0.4682946849989739,0.1894110404268418,0.09583418838497845,0.04637800123127437,0.01744305356043505,0.007182433819002668
569,4873,4872,0.5316091954022989,0.46839080459770116,0.18944991789819376,0.09585385878489326,0.04638752052545156,0.01744663382594417,0.007183908045977011
570,4872,4871,0.5315130363375077,0.4684869636624923,0.18948881133237527,0.09587353726134264,0.04639704372818723,0.01745021556148635,0.007185382878259084
571,4871,4870,0.5316221765913758,0.4683778234086242,0.18952772073921972,0.09589322381930185,0.046406570841889115,0.017453798767967144,0.007186858316221766
572,4870,4869,0.5315259806941878,0.4684740193058123,0.1895666461285685,0.09591291846375026,0.046416101868966934,0.017457383446292874,0.007188334360238242
573,4869,4868,0.5316351684470009,0.4683648315529992,0.18940016433853737,0.09572719802793755,0.04642563681183237,0.017460969597370583,0.007189811010682005
574,4868,4867,0.5315389356893363,0.46846106431066364,0.1894390795151017,0.09574686665296897,0.046435175672899114,0.017464557222108074,0.007191288267926854
575,4867,4866,0.5316481709823263,0.46835182901767364,0.1894780106863954,0.0957665433621044,0.04644471845458282,0.017468146321413892,0.007192766132346897
576,4866,4865,0.5317574511819116,0.4682425488180884,0.1895169578622816,0.09578622816032888,0.04645426515930113,0.017471736896197326,0.007194244604316547
577,4865,4864,0.5318667763157895,0.4681332236842105,0.18955592105263158,0.09580592105263158,0.046463815789473686,0.01747532894736842,0.007195723684210526
578,4864,4863,0.53197614641168,0.46802385358832,0.1895949002673247,0.09582562204400576,0.04647337034752211,0.01747892247583796,0.007197203372403866
579,4863,4862,0.5318798848210613,0.4681201151789387,0.18963389551624846,0.09584533113944879,0.04648292883587001,0.017482517482517484,0.007198683669271904
580,4862,4861,0.5317835836247685,0.4682164163752314,0.1896729068092985,0.09586504834396214,0.04649249125694301,0.017486113968319277,0.00720016457519029
581,4861,4860,0.5316872427983539,0.4683127572016461,0.1897119341563786,0.09588477366255144,0.046502057613168724,0.01748971193415638,0.00720164609053498
582,4860,4859,0.5315908623173492,0.46840913768265074,0.1897509775674007,0.09590450710022638,0.046511627906976744,0.01749331138094258,0.007203128215682239
583,4859,4858,0.531700288184438,0.46829971181556196,0.1897900370522849,0.09592424866200082,0.04652120214079868,0.017496912309592424,0.007204610951008645
584,4858,4857,0.531809759110562,0.46819024088943795,0.18962322421247685,0.09573810994441014,0.04653078031706815,0.017500514721021206,0.007206094296891085
585,4857,4856,0.5319192751235585,0.46808072487644153,0.18945634266886327,0.09575782537067545,0.04654036243822076,0.017504118616144974,0.0072075782537067545
586,4856,4855,0.5318228630278063,0.4681771369721936,0.18949536560247168,0.09577754891864057,0.04654994850669413,0.017507723995880537,0.007209062821833162
587,4855,4854,0.5319324268644416,0.4680675731355583,0.18932838895756077,0.0957972805933251,0.0465595385249279,0.01751133086114545,0.007210548001648125
588,4854,4853,0.5320420358541108,0.46795796414588914,0.18936740160725324,0.09581702039975273,0.046569132495363694,0.017514939212858027,0.007212033793529775
589,4853,4852,0.5319455894476505,0.46805441055234953,0.18940643033800494,0.09583676834295136,0.04657873042044518,0.017518549051937345,0.007213520197856554
590,4852,4851,0.5320552463409606,0.46794475365903937,0.18944547515976087,0.095856524427953,0.04658833230261802,0.017522160379303237,0.007215007215007215
591,4851,4850,0.5321649484536083,0.46783505154639177,0.18948453608247423,0.09587628865979382,0.046597938144329894,0.01752577319587629,0.007216494845360825
592,4850,4849,0.5320684677253041,0.4679315322746958,0.1895236131161064,0.09589606104351413,0.04660754794803052,0.01752938750257785,0.0072179830892967626
593,4849,4848,0.5321782178217822,0.46782178217821785,0.18935643564356436,0.09570957095709572,0.04641089108910891,0.017533003300330034,0.007219471947194719
594,4848,4847,0.5320817000206313,0.4679182999793687,0.1893955023726016,0.09572931710336291,0.04642046626779451,0.017536620590055705,0.007220961419434702
595,4847,4846,0.5321914981427982,0.4678085018572018,0.1894345852249278,0.09574907139909203,0.04643004539826661,0.0175402393726785,0.007222451506397029
596,4846,4845,0.5323013415892673,0.4676986584107327,0.18947368421052632,0.0957688338493292,0.04643962848297214,0.017543859649122806,0.007223942208462332
597,4845,4844,0.532411230388109,0.467588769611891,0.18951279933938894,0.0957886044591247,0.04644921552436003,0.01754748142031379,0.0072254335260115606
598,4844,4843,0.5325211645674169,0.4674788354325831,0.1895519306215156,0.09580838323353294,0.04645880652488127,0.01755110468717737,0.007226925459425976
599,4843,4842,0.5324246179264767,0.46757538207352334,0.1895910780669145,0.09582817017761255,0.046468401486988845,0.01755472945064023,0.007228418009087154
600,4842,4841,0.5325346002891964,0.46746539971080353,0.1894236727948771,0.0956413964057013,0.046271431522412726,0.01755835571162983,0.007229911175376988
601,4841,4840,0.5324380165289256,0.46756198347107436,0.18946280991735537,0.09566115702479339,0.04628099173553719,0.01756198347107438,0.007231404958677686
602,4840,4839,0.532548047117173,0.46745195288282704,0.1892953089481298,0.09547427154370738,0.04608390163256871,0.017565612729902872,0.007232899359371771
603,4839,4838,0.5326581231914014,0.4673418768085986,0.18933443571723854,0.0954940057875155,0.04609342703596527,0.01756924348904506,0.007234394377842084
604,4838,4837,0.532561505065123,0.467438494934877,0.18937357866446144,0.0955137481910275,0.046102956377920196,0.017572875749431466,0.00723589001447178
605,4837,4836,0.532671629445823,0.46732837055417703,0.1892059553349876,0.09553349875930521,0.046112489660876756,0.017576509511993382,0.007237386269644334
606,4836,4835,0.532574974146846,0.4674250258531541,0.1892450879007239,0.09555325749741468,0.046122026887280246,0.017580144777662874,0.007238883143743537
607,4835,4834,0.5324782788580885,0.4675217211419115,0.18928423665701283,0.09557302441042614,0.046131568059577986,0.017583781547372775,0.007240380637153496
608,4834,4833,0.5323815435547279,0.4676184564452721,0.1893234016139044,0.09559279950341402,0.04614111318021932,0.017587419822056694,0.007241878750258638
609,4833,4832,0.5324917218543046,0.46750827814569534,0.18936258278145696,0.09561258278145696,0.04615066225165563,0.017591059602649006,0.007243377483443708
610,4832,4831,0.532601945766922,0.46739805423307806,0.1894017801697371,0.09563237424963776,0.0461602152763403,0.017594700890084868,0.007244876837093769
611,4831,4830,0.5325051759834368,0.46749482401656317,0.18944099378881987,0.09565217391304348,0.04616977225672878,0.017598343685300208,0.007246376811594203
612,4830,4829,0.5324083661213502,0.4675916338786498,0.18948022364878858,0.09567198177676538,0.046179333195278525,0.017601987989231724,0.007247877407330711
613,4829,4828,0.5323115161557581,0.46768848384424194,0.18951946975973488,0.09569179784589893,0.046188898094449045,0.017605633802816902,0.007249378624689312
614,4828,4827,0.5324217940749948,0.46757820592500515,0.18955873213175886,0.09571162212554382,0.046198466956701885,0.017609281126993993,0.00725088046405635
615,4827,4826,0.5323249067550767,0.46767509324492335,0.1895980107749689,0.09573145462080399,0.046208039784500624,0.017612929962702032,0.0072523829258184834
616,4826,4825,0.5324352331606218,0.46756476683937825,0.18963730569948187,0.09575129533678757,0.04621761658031088,0.017616580310880828,0.007253886010362694
617,4825,4824,0.5323383084577115,0.46766169154228854,0.1896766169154229,0.09577114427860696,0.04622719734660033,0.017620232172470978,0.007255389718076285
618,4824,4823,0.5324486833920796,0.4675513166079204,0.18950860460294422,0.09579100145137881,0.04623678208583869,0.01762388554841385,0.00725689404934688
619,4823,4822,0.53255910410618,0.46744089589382,0.18954790543343011,0.09581086686022397,0.04624637080049772,0.017627540439651597,0.007258399004562422
620,4822,4821,0.5326695706285003,0.4673304293714997,0.18958722256793195,0.09583074051026758,0.046255963493051236,0.01763119684712715,0.007259904584111181
621,4821,4820,0.5327800829875519,0.46721991701244814,0.1896265560165975,0.09585062240663901,0.046265560165975106,0.017634854771784232,0.007261410788381743
622,4820,4819,0.5328906412118697,0.4671093587881303,0.1896659057895829,0.09587051255447188,0.04627516082174725,0.017638514214567337,0.007262917617763021
623,4819,4818,0.5330012453300125,0.4669987546699875,0.18970527189705272,0.0958904109589041,0.046284765462847655,0.01764217517642175,0.0072644250726442506
624,4818,4817,0.5329042972804651,0.467095702719535,0.18974465434917998,0.09591031762507785,0.04629437409175836,0.017645837658293542,0.007265933153414989
625,4817,4816,0.5328073089700996,0.46719269102990035,0.1897840531561462,0.09593023255813954,0.04630398671096345,0.01764950166112957,0.007267441860465116
626,4816,4815,0.5329179646936656,0.46708203530633435,0.18982346832814123,0.09595015576323987,0.04631360332294912,0.017653167185877467,0.007268951194184839
627,4815,4814,0.5330286663896967,0.4669713336103033,0.1896551724137931,0.09597008724553385,0.04632322393020357,0.017656834233485668,0.007270461154964687
628,4814,4813,0.532931643465614,0.46706835653438605,0.18969457718678578,0.09599002701018076,0.046332848535217123,0.017660502804903385,0.007271971743195512
629,4813,4812,0.5330423940149626,0.4669576059850374,0.18952618453865336,0.09580216126350789,0.046134663341645885,0.017456359102244388,0.007273482959268496
630,4812,4811,0.532945333610476,0.46705466638952403,0.18956557888172937,0.09582207441280399,0.04614425275410518,0.017459987528580335,0.00727499480357514
631,4811,4810,0.5328482328482328,0.46715176715176715,0.18960498960498962,0.09584199584199585,0.046153846153846156,0.017463617463617465,0.007276507276507277
632,4810,4809,0.5327510917030568,0.4672489082969432,0.18964441671865254,0.0958619255562487,0.046163443543356206,0.017467248908296942,0.00727802037845706
633,4809,4808,0.5326539101497504,0.46734608985024956,0.1896838602329451,0.09588186356073211,0.04617304492512479,0.01747088186356073,0.007279534109816971
634,4808,4807,0.5327647181194092,0.4672352818805908,0.18972332015810275,0.09590180986061993,0.04618265030164344,0.01747451633035157,0.007281048470979821
635,4807,4806,0.5326674989596338,0.4673325010403662,0.18976279650436953,0.0959217644610903,0.046192259675405745,0.017478152309612985,0.007282563462338743
636,4806,4805,0.532570239334027,0.46742976066597297,0.1898022892819979,0.0959417273673257,0.04620187304890739,0.01748178980228928,0.007284079084287201
637,4805,4804,0.5326810990840966,0.4673189009159034,0.18963363863447127,0.09575353871773522,0.04600333055786844,0.017485428809325562,0.007285595337218984
638,4804,4803,0.532792004996877,0.46720799500312304,0.1894649177597335,0.09556527170518427,0.046012908598792424,0.017489069331667707,0.007287112221528212
639,4803,4802,0.5329029571012078,0.46709704289879217,0.18950437317784258,0.09558517284464807,0.04602249062890462,0.01749271137026239,0.007288629737609329
640,4802,4801,0.533013955425953,0.4669860445740471,0.18954384503228494,0.09560508227452615,0.04603207665069777,0.01749635492605707,0.007290147885857113
641,4801,4800,0.533125,0.466875,0.18958333333333333,0.095625,0.04604166666666667,0.0175,0.007291666666666667
642,4800,4799,0.5330277141071057,0.46697228589289436,0.189622838091269,0.09564492602625548,0.04605126067930819,0.017503646593040215,0.007293186080433424
643,4799,4798,0.5329303876615257,0.4670696123384744,0.1896623593163818,0.0956648603584827,0.0460608586911213,0.017507294706127552,0.0072947061275531475
644,4798,4797,0.5328330206378987,0.46716697936210133,0.1897018970189702,0.09568480300187618,0.04607046070460705,0.017510944340212633,0.00729622680842193
645,4797,4796,0.5329441201000834,0.4670558798999166,0.1897414512093411,0.09570475396163469,0.04608006672226856,0.01751459549624687,0.007297748123436197
646,4796,4795,0.5330552659019813,0.4669447340980188,0.1897810218978102,0.09572471324296142,0.046089676746611054,0.017518248175182483,0.0072992700729927005
647,4795,4794,0.5331664580725908,0.4668335419274093,0.18961201501877348,0.09553608677513559,0.04609929078014184,0.017521902377972465,0.0073007926574885276
648,4794,4793,0.5332776966409347,0.4667223033590653,0.18965157521385353,0.09555601919465888,0.04610890882537033,0.017525558105570625,0.007302315877321094
649,4793,4792,0.5331803005008348,0.4668196994991653,0.18969115191986644,0.09557595993322204,0.046118530884808016,0.017529215358931552,0.007303839732888147
650,4792,4791,0.533082863702776,0.466917136297224,0.1897307451471509,0.09559590899603423,0.04612815696096848,0.017532874139010644,0.0073053642245877685
651,4791,4790,0.5329853862212943,0.4670146137787056,0.1897703549060543,0.09561586638830898,0.04613778705636743,0.01753653444676409,0.007306889352818371
652,4790,4789,0.5330966798914178,0.46690332010858215,0.18980998120693254,0.09563583211526415,0.046147421173522656,0.017540196283148884,0.007308415117978701
653,4789,4788,0.5329991645781119,0.467000835421888,0.18984962406015038,0.09565580618212197,0.04615705931495405,0.017543859649122806,0.007309941520467836
654,4788,4787,0.5329016085230833,0.4670983914769167,0.18988928347608106,0.09567578859410905,0.04616670148318362,0.017547524545644455,0.007311468560685189
655,4787,4786,0.532804011700794,0.467195988299206,0.18992895946510657,0.09569577935645633,0.04617634768073548,0.017551190973673213,0.007312996239030506
656,4786,4785,0.5329153605015674,0.4670846394984326,0.18975966562173457,0.09571577847439916,0.04618599791013584,0.01755485893416928,0.0073145245559038665
657,4785,4784,0.5330267558528428,0.4669732441471572,0.18979933110367894,0.09573578595317726,0.04619565217391304,0.017558528428093644,0.007316053511705686
658,4784,4783,0.5331381977838177,0.4668618022161823,0.18983901317164958,0.09575580179803471,0.046205310474597534,0.017562199456408113,0.007317583106836713
659,4783,4782,0.5330405687996654,0.46695943120033456,0.18987871183605187,0.09577582601422,0.04621497281472187,0.01756587202007528,0.007319113341698034
660,4782,4781,0.5329428989751098,0.4670571010248902,0.18991842710729973,0.09579585860698599,0.04622463919682075,0.017569546120058566,0.007320644216691069
661,4781,4780,0.5330543933054394,0.46694560669456064,0.1899581589958159,0.09581589958158995,0.04623430962343096,0.017573221757322177,0.007322175732217573
662,4780,4779,0.5329566854990584,0.4670433145009416,0.1899979075120318,0.09583594894329357,0.04624398409709144,0.017576898932831136,0.00732370788867964
663,4779,4778,0.5328589367936375,0.4671410632063625,0.1900376726663876,0.09585600669736291,0.04625366262034324,0.017580577647551276,0.007325240686479699
664,4778,4777,0.5327611471634918,0.4672388528365083,0.19007745446933222,0.09587607284906845,0.046263345195729534,0.017584257902449236,0.007326774126020515
665,4777,4776,0.5328726968174204,0.46712730318257956,0.18990787269681741,0.09589614740368509,0.046273031825795646,0.017587939698492462,0.007328308207705193
666,4776,4775,0.5329842931937173,0.46701570680628274,0.18973821989528797,0.09591623036649215,0.04628272251308901,0.017591623036649216,0.007329842931937173
667,4775,4774,0.5328864683703394,0.4671135316296607,0.18977796397151236,0.09593632174277336,0.046292417260159195,0.017595307917888565,0.007331378299120235
668,4774,4773,0.5329981143934632,0.46700188560653677,0.18981772470144564,0.09595642153781689,0.04630211606955793,0.01759899434318039,0.007332914309658495
669,4773,4772,0.5331098072087175,0.46689019279128247,0.1898575020955574,0.09597652975691534,0.04631181894383906,0.01760268231349539,0.007334450963956412
670,4772,4771,0.533221546845525,0.46677845315447497,0.18989729616432613,0.09599664640536575,0.04632152588555858,0.01760637182980507,0.00733598826241878
671,4771,4770,0.5333333333333333,0.4666666666666667,0.189937106918239,0.0960167714884696,0.046331236897274634,0.01761006289308176,0.007337526205450734
672,4770,4769,0.5334451667016146,0.46655483329838543,0.18997693436779198,0.09603690501153282,0.046340951981547494,0.017613755504298594,0.007339064793457748
673,4769,4768,0.5333473154362416,0.4666526845637584,0.19001677852348994,0.09605704697986577,0.046350671140939596,0.01761744966442953,0.007340604026845637
674,4768,4767,0.5332494231172645,0.46675057688273547,0.19005663939584644,0.0960771973987833,0.04636039437801552,0.01762114537444934,0.007342143906020558
675,4767,4766,0.5333613092740244,0.46663869072597564,0.19009651699538396,0.0960973562736047,0.046370121695342006,0.017624842635333614,0.007343684431389006
676,4766,4765,0.5334732423924449,0.4665267576075551,0.18992654774396642,0.09590766002098636,0.046379853095487936,0.01762854144805876,0.007345225603357817
677,4765,4764,0.533375314861461,0.46662468513853905,0.1899664147774979,0.09592779177162049,0.04638958858102435,0.017632241813602016,0.0073467674223341725
678,4764,4763,0.5334872979214781,0.4665127020785219,0.18979634684022675,0.0959479319756456,0.04639932815452446,0.017635943732941424,0.007348309888725593
679,4763,4762,0.5333893322133557,0.4666106677866443,0.18983620327593448,0.09596808063838723,0.04640907181856363,0.01763964720705586,0.007349853002939942
680,4762,4761,0.5335013652593993,0.4664986347406007,0.18987607645452637,0.09598823776517539,0.04641881957571939,0.017643352236925015,0.007351396765385423
681,4761,4760,0.5334033613445378,0.4665966386554622,0.1899159663865546,0.09600840336134454,0.04642857142857143,0.01764705882352941,0.007352941176470588
682,4760,4759,0.5333053162429082,0.46669468375709183,0.18995587308258038,0.09602857743223367,0.04643832737970162,0.01765076696785039,0.0073544862366043285
683,4759,4758,0.5332072299285414,0.4667927700714586,0.1899957965531736,0.09604875998318621,0.04644808743169399,0.017654476670870115,0.007356031946195881
684,4758,4757,0.5331091023754467,0.46689089762455327,0.19003573680891317,0.09606895101955014,0.04645785158713475,0.01765818793357158,0.007357578305654824
685,4757,4756,0.5332211942809083,0.4667788057190917,0.1900756938603869,0.09608915054667788,0.04646761984861228,0.017661900756938603,0.007359125315391085
686,4756,4755,0.5333333333333333,0.4666666666666667,0.19011566771819138,0.09610935856992639,0.04647739221871714,0.017665615141955835,0.007360672975814932
687,4755,4754,0.5332351703828355,0.4667648296171645,0.19015565839293228,0.09612957509465712,0.04648716870004207,0.01766933108960875,0.007362221287336979
688,4754,4753,0.5331369661266568,0.46686303387334316,0.19019566589522408,0.09614980012623606,0.04649694929518199,0.017673048600883652,0.007363770250368188
689,4753,4752,0.5332491582491582,0.46675084175084175,0.1900252525252525,0.09595959595959595,0.04650673400673401,0.017676767676767676,0.007365319865319866
690,4752,4751,0.5331509155967165,0.46684908440328354,0.19006524942117448,0.09597979372763629,0.04651652283729741,0.01768048831824879,0.007366870132603663
691,4751,4750,0.5330526315789473,0.4669473684210526,0.19010526315789475,0.096,0.046526315789473686,0.01768421052631579,0.007368421052631579
692,4750,4749,0.53295430616972,0.46704569383028005,0.1901452937460518,0.09602021478205938,0.0465361128658665,0.017687934301958308,0.007369972625815961
693,4749,4748,0.5330665543386689,0.4669334456613311,0.19018534119629318,0.09604043807919124,0.04654591406908172,0.017691659646166806,0.007371524852569503
694,4748,4747,0.5331788497998736,0.4668211502001264,0.19022540551927533,0.09606066989677692,0.046555719401727404,0.01769538655993259,0.007373077733305245
695,4747,4746,0.5330804888327012,0.4669195111672988,0.1902654867256637,0.09608091024020228,0.046565528866413824,0.017699115044247787,0.007374631268436578
696,4746,4745,0.5331928345626976,0.46680716543730244,0.19009483667017912,0.09610115911485774,0.04657534246575343,0.017702845100105374,0.007376185458377239
697,4745,4744,0.5330944350758853,0.46690556492411467,0.19013490725126475,0.09612141652613827,0.04658516020236088,0.01770657672849916,0.007377740303541315
698,4744,4743,0.5329959940965634,0.46700400590343666,0.19017499472907443,0.0961416824794434,0.04659498207885305,0.017710309930423784,0.007379295804343242
699,4743,4742,0.5328975115984816,0.46710248840151836,0.19021509911429776,0.09616195698017714,0.04660480809784901,0.017714044706874738,0.007380851961197807
700,4742,4741,0.532798987555368,0.4672010124446319,0.1902552204176334,0.09618224003374816,0.04661463826197005,0.017717781058848345,0.007382408774520143
701,4741,4740,0.5327004219409283,0.46729957805907174,0.19029535864978903,0.09620253164556962,0.04662447257383966,0.017721518987341773,0.007383966244725738
702,4740,4739,0.5328128297109095,0.4671871702890905,0.1903355138214813,0.0962228318210593,0.046634311036083564,0.01772525849335303,0.007385524372230428
703,4739,4738,0.5329252849303504,0.46707471506964965,0.19016462642465176,0.09624314056563951,0.04664415365132968,0.017728999577880964,0.007387083157450401
704,4738,4737,0.5328266835549926,0.46717331644500737,0.19020477095207938,0.09626345788473717,0.04665400042220815,0.01773274224192527,0.007388642600802195
705,4737,4736,0.5327280405405406,0.4672719594594595,0.19024493243243243,0.09628378378378379,0.04666385135135135,0.017736486486486486,0.007390202702702703
706,4736,4735,0.5328405491024287,0.46715945089757127,0.1900739176346357,0.09609292502639916,0.046673706441393875,0.017740232312566,0.007391763463569166
707,4735,4734,0.5327418673426279,0.4672581326573722,0.19011406844106463,0.09611322348964935,0.04668356569497254,0.017743979721166033,0.007393324883819181
708,4734,4733,0.5328544263680541,0.4671455736319459,0.19015423621381788,0.09613353053031903,0.04669342911472639,0.017747728713289668,0.007394886963870695
709,4733,4732,0.532967032967033,0.46703296703296704,0.18998309382924766,0.09615384615384616,0.046703296703296704,0.01775147928994083,0.0073964497041420114
710,4732,4731,0.5330796871697315,0.46692031283026847,0.18981187909532868,0.09617417036567322,0.046713168463326994,0.017755231452124286,0.007398013105051786
711,4731,4730,0.5329809725158562,0.46701902748414376,0.18985200845665962,0.09619450317124736,0.046723044397463005,0.017758985200845664,0.007399577167019027
712,4730,4729,0.5330936773102136,0.46690632268978643,0.18968069359272574,0.0962148445760203,0.046732924508352716,0.01776274053711144,0.0074011418904631
713,4729,4728,0.5332064297800339,0.46679357021996615,0.1895093062605753,0.0962351945854484,0.04674280879864636,0.017766497461928935,0.007402707275803722
714,4728,4727,0.5331076792891898,0.4668923207108102,0.1895493970806008,0.0962555532049926,0.0467526972709964,0.017770255976306326,0.007404273323460969
715,4727,4726,0.5332204824375794,0.46677951756242064,0.18958950486669487,0.0962759204401185,0.046762589928057555,0.017774016081252644,0.007405840033855269
716,4726,4725,0.5331216931216931,0.4668783068783069,0.18962962962962962,0.0962962962962963,0.04677248677248677,0.017777777777777778,0.007407407407407408
717,4725,4724,0.5330228619813717,0.4669771380186283,0.1896697713801863,0.09631668077900085,0.04678238780694327,0.017781541066892465,0.007408975444538527
718,4724,4723,0.5329239889900487,0.4670760110099513,0.18970993012915519,0.09633707389371163,0.0467922930340885,0.0177853059496083,0.007410544145670125
719,4723,4722,0.5328250741211351,0.4671749258788649,0.18975010588733587,0.09635747564591275,0.046802202456586194,0.017789072426937738,0.0074121135112240576
720,4722,4721,0.5329379368777801,0.4670620631222199,0.18979029866553696,0.09637788604109299,0.04681211607710231,0.01779284049989409,0.0074136835416225375
721,4721,4720,0.5328389830508474,0.4671610169491525,0.18983050847457628,0.09639830508474577,0.04682203389830508,0.017796610169491526,0.007415254237288136
722,4720,4719,0.5327399872854418,0.4672600127145582,0.1898707353252808,0.09641873278236915,0.046831955922865015,0.017800381436745075,0.0074168255986437805
723,4719,4718,0.5326409495548962,0.46735905044510384,0.18991097922848665,0.09643916913946587,0.046841882153454854,0.017804154302670624,0.00741839762611276
724,4718,4717,0.532753868984524,0.46724613101547596,0.18995124019503923,0.09645961416154335,0.04685181259274963,0.017807928768284926,0.007419970320118719
725,4717,4716,0.5328668363019508,0.4671331636980492,0.18999151823579305,0.09648006785411366,0.046861747243426635,0.017811704834605598,0.007421543681085666
726,4716,4715,0.5329798515376458,0.4670201484623542,0.19003181336161187,0.09650053022269353,0.04687168610816543,0.017815482502651112,0.007423117709437964
727,4715,4714,0.532880780653373,0.4671192193466271,0.1900721255833687,0.09652100127280441,0.046881629189647854,0.017819261773440814,0.007424692405600339
728,4714,4713,0.5329938468067048,0.46700615319329514,0.19011245491194567,0.09654148100997241,0.04689157649055803,0.01782304264799491,0.007426267769997878
729,4713,4712,0.533106960950764,0.466893039049236,0.19015280135823429,0.09656196943972835,0.04690152801358234,0.017826825127334467,0.007427843803056027
730,4712,4711,0.5332201231161112,0.4667798768838888,0.18998089577584376,0.09637019741031629,0.04669921460411802,0.017830609212481426,0.007429420505200594
731,4711,4710,0.5331210191082802,0.46687898089171975,0.19002123142250532,0.09639065817409767,0.04670912951167728,0.017834394904458598,0.0074309978768577496
732,4710,4709,0.5332342323210872,0.4667657676789127,0.1900615842004672,0.09641112762794649,0.046719048630282436,0.01783818220428966,0.007432575918454024
733,4709,4708,0.5333474936278675,0.4666525063721325,0.1898895497026338,0.09643160577740018,0.04672897196261682,0.01784197111299915,0.007434154630416313
734,4708,4707,0.5332483535160399,0.46675164648396006,0.18992989165073296,0.09645209262800085,0.04673889951136605,0.017845761631612493,0.007435734013171872
735,4707,4706,0.5331491712707183,0.46685082872928174,0.18997025074373142,0.09647258818529537,0.04674883127921802,0.017849553761155972,0.007437314067148321
736,4706,4705,0.5332624867162593,0.4667375132837407,0.189798087141339,0.09649309245483528,0.04675876726886291,0.017853347502656748,0.007438894792773645
737,4705,4704,0.533375850340136,0.46662414965986393,0.18983843537414966,0.09651360544217687,0.0467687074829932,0.017857142857142856,0.00744047619047619
738,4704,4703,0.5332766319370614,0.46672336806293857,0.18987880076546884,0.09653412715288114,0.04677865192430364,0.017860939825643206,0.00744205826068467
739,4703,4702,0.5333900467886006,0.4666099532113994,0.18991918332624416,0.09655465759251382,0.04678860059549128,0.01786473840918758,0.007443641003828158
740,4702,4701,0.5332907891937886,0.46670921080621147,0.18995958306743246,0.09657519676664539,0.04679855349925548,0.017868538608806637,0.007445224420336099
741,4701,4700,0.5331914893617021,0.46680851063829787,0.19,0.09659574468085107,0.04680851063829787,0.017872340425531916,0.007446808510638298
742,4700,4699,0.5330921472653756,0.4669078527346244,0.19004043413492233,0.0966163013407108,0.04681847201532241,0.017876143860395828,0.007448393275164928
743,4699,4698,0.5329927628778204,0.4670072371221797,0.19008088548318433,0.09663686675180928,0.04682843763303533,0.017879948914431672,0.00744997871434653
744,4698,4697,0.5328933361720247,0.4671066638279753,0.1901213540557803,0.096657440919736,0.0468384074941452,0.01788375558867362,0.007451564828614009
745,4697,4696,0.532793867120954,0.467206132879046,0.1901618398637138,0.09667802385008518,0.046848381601362864,0.01788756388415673,0.007453151618398637
746,4696,4695,0.5329073482428115,0.4670926517571885,0.19020234291799787,0.09669861554845581,0.046858359957401494,0.017891373801916934,0.007454739084132056
747,4695,4694,0.5330208777162335,0.46697912228376653,0.190029825308905,0.09650617809970174,0.046868342564976566,0.017895185342991053,0.007456327226246272
748,4694,4693,0.5329213722565523,0.46707862774344766,0.19007031749414022,0.09652674195610483,0.04687832942680588,0.01789899850841679,0.007457916045173663
749,4693,4692,0.5330349531116795,0.4669650468883205,0.18989769820971866,0.09654731457800511,0.04688832054560955,0.017902813299232736,0.007459505541346973
750,4692,4691,0.5329354082285227,0.4670645917714773,0.1899381794926455,0.09656789597100832,0.04689831592411,0.017906629716478363,0.007461095715199318
751,4691,4690,0.5328358208955224,0.4671641791044776,0.18997867803837953,0.09658848614072495,0.046908315565031986,0.01791044776119403,0.007462686567164179
752,4690,4689,0.5327361910855193,0.4672638089144807,0.19001919385796545,0.09660908509277032,0.04691831947110258,0.017914267434420986,0.007464278097675411
753,4689,4688,0.5328498293515358,0.46715017064846415,0.18984641638225255,0.0966296928327645,0.04692832764505119,0.017918088737201365,0.0074658703071672355
754,4688,4687,0.5329635161083849,0.4670364838916151,0.1898869212716023,0.09665030936633241,0.04693834008960956,0.017921911670578196,0.007467463196074248
755,4687,4686,0.5328638497652582,0.4671361502347418,0.1899274434485702,0.09667093469910372,0.046948356807511735,0.01792573623559539,0.007469056764831413
756,4686,4685,0.5327641408751334,0.4672358591248666,0.18996798292422626,0.09669156883671291,0.04695837780149413,0.01792956243329776,0.007470651013874066
757,4685,4684,0.53266438941076,0.46733561058923995,0.19000853970964987,0.09671221178479932,0.04696840307429547,0.017933390264730998,0.007472245943637917
758,4684,4683,0.5327781336749947,0.46722186632500534,0.19004911381592995,0.09673286354900705,0.04697843262865684,0.017937219730941704,0.007473841554559043
759,4683,4682,0.5328919265271251,0.46710807347287486,0.19008970525416488,0.09675352413498504,0.04698846646732166,0.01794105083297736,0.0074754378470739
760,4682,4681,0.5327921384319589,0.467207861568041,0.19013031403546252,0.0967741935483871,0.04699850459303568,0.01794488357188635,0.007477034821619312
761,4681,4680,0.5329059829059829,0.4670940170940171,0.18995726495726495,0.0967948717948718,0.04700854700854701,0.017948717948717947,0.007478632478632479
762,4680,4679,0.5328061551613593,0.46719384483864074,0.1899978627911947,0.09681555888010258,0.04701859371660611,0.017952553964522333,0.007480230818550973
763,4679,4678,0.5327062847370672,0.4672937152629329,0.1900384779820436,0.09683625480974775,0.0470286447199658,0.01795639162035058,0.007481829841812741
764,4678,4677,0.5328201838785547,0.4671798161214454,0.19007911054094506,0.09685695958948044,0.047038700021381226,0.01796023091725465,0.0074834295488561044
765,4677,4676,0.5327202737382378,0.4672797262617622,0.19011976047904192,0.09687767322497862,0.04704875962360992,0.017964071856287425,0.0074850299401197605
766,4676,4675,0.5328342245989305,0.4671657754010695,0.19016042780748663,0.09689839572192513,0.047058823529411764,0.017967914438502673,0.0074866310160427805
767,4675,4674,0.5327342747111682,0.4672657252888318,0.19020111253744115,0.09691912708600771,0.047068891741549,0.01797175866495507,0.007488232777064612
768,4674,4673,0.532634282045795,0.467365717954205,0.19024181468007703,0.0969398673229189,0.04707896426278622,0.017975604536700194,0.0074898352236250805
769,4673,4672,0.5325342465753424,0.4674657534246575,0.19028253424657535,0.09696061643835617,0.04708904109589041,0.01797945205479452,0.007491438356164383
770,4672,4671,0.5326482551916077,0.4673517448083922,0.19032327124812673,0.09698137443802184,0.047099122243630914,0.01798330122029544,0.0074930421751231
771,4671,4670,0.532762312633833,0.467237687366167,0.19036402569593147,0.09700214132762312,0.047109207708779445,0.017987152034261242,0.007494646680942184
772,4670,4669,0.5326622403084172,0.46733775969158275,0.1904047976011994,0.09702291711287213,0.04711929749411009,0.017991004497751123,0.0074962518740629685
773,4669,4668,0.5327763496143959,0.4672236503856041,0.19044558697514996,0.09704370179948586,0.04712939160239932,0.017994858611825194,0.0074978577549271634
774,4668,4667,0.5328905078208699,0.46710949217913006,0.19048639382901222,0.0970644953931862,0.04713949003642597,0.01799871437754446,0.007499464323976859
775,4667,4666,0.5330047149592799,0.4669952850407201,0.19052721817402485,0.09708529789969995,0.04714959279897128,0.018002571795970854,0.007501071581654522
776,4666,4665,0.5331189710610933,0.46688102893890676,0.19035369774919614,0.09689174705251875,0.04694533762057878,0.0180064308681672,0.007502679528403001
777,4665,4664,0.5330188679245284,0.4669811320754717,0.19039451114922812,0.09691252144082332,0.04695540308747856,0.018010291595197257,0.007504288164665523
778,4664,4663,0.5331331760669097,0.46686682393309026,0.19022088784044605,0.09693330473943813,0.04696547287154192,0.01801415397812567,0.007505897490885696
779,4663,4662,0.5332475332475333,0.46675246675246673,0.19026169026169026,0.09695409695409696,0.046975546975546977,0.018018018018018018,0.0075075075075075074
780,4662,4661,0.5331473932632482,0.4668526067367518,0.19030251019094616,0.09697489809053851,0.04698562540227419,0.018021883715940785,0.007509118214975327
781,4661,4660,0.5330472103004292,0.4669527896995708,0.190343347639485,0.09699570815450644,0.04699570815450644,0.018025751072961373,0.0075107296137339056
782,4660,4659,0.5329469843314016,0.4670530156685984,0.19038420261858768,0.0970165271517493,0.04700579523502898,0.0180296200901481,0.007512341704228375
783,4659,4658,0.5330613997423786,0.4669386002576213,0.19042507513954487,0.09703735508802061,0.04701588664662946,0.018033490768570203,0.007513954486904251
784,4658,4657,0.5331758642903156,0.46682413570968434,0.19025123470045094,0.0970581919690788,0.04702598239209792,0.018037363109297832,0.00751556796220743
785,4657,4656,0.5332903780068728,0.46670962199312716,0.19007731958762886,0.09686426116838488,0.0468213058419244,0.017826460481099655,0.007302405498281787
786,4656,4655,0.5331901181525242,0.46680988184747585,0.19011815252416756,0.09688506981740065,0.04683136412459721,0.01783029001074114,0.007303974221267454
787,4655,4654,0.5330898152127203,0.46691018478727975,0.19015900300816502,0.09690588740868071,0.046841426729694886,0.017834121186076492,0.00730554361839278
788,4654,4653,0.5329894691596819,0.46701053084031807,0.1901998710509349,0.09692671394799054,0.046851493660004295,0.017837954008166772,0.007307113690092413
789,4653,4652,0.5331040412725709,0.46689595872742906,0.19024075666380053,0.09694754944110061,0.0468615649183147,0.017841788478073946,0.007308684436801376
790,4652,4651,0.5332186626531928,0.46678133734680716,0.19028165985809503,0.09696839389378628,0.04687164050741776,0.01784562459686089,0.007310255858955063
791,4651,4650,0.5331182795698924,0.4668817204301075,0.19032258064516128,0.09698924731182795,0.04688172043010753,0.017849462365591397,0.007311827956989247
792,4650,4649,0.5332329533232953,0.46676704667670466,0.1901484190148419,0.09679500967950097,0.04689180468918047,0.017853301785330178,0.007313400731340073
793,4649,4648,0.5331325301204819,0.46686746987951805,0.1901893287435456,0.096815834767642,0.04690189328743546,0.017857142857142856,0.007314974182444062
794,4648,4647,0.5332472562943835,0.46675274370561654,0.19023025607919086,0.09683666881859264,0.04691198622767377,0.017860985582095975,0.0073165483107381106
795,4647,4646,0.5333620318553595,0.46663796814464054,0.19005596211795092,0.09664227292294447,0.046922083512699095,0.017864829961256996,0.007318123116659492
796,4646,4645,0.5334768568353068,0.46652314316469323,0.19009687836383207,0.09666307857911734,0.046932185145317544,0.017868675995694295,0.0073196986006458555
797,4645,4644,0.5333763996554695,0.4666236003445306,0.19013781223083548,0.0966838931955211,0.04694229112833764,0.017872523686477175,0.007321274763135229
798,4644,4643,0.5332758992031015,0.4667241007968986,0.19017876373034676,0.09670471677794529,0.04695240146457032,0.017876373034675857,0.007322851604566014
799,4643,4642,0.533175355450237,0.466824644549763,0.19021973287376132,0.0967255493321844,0.046962516156828955,0.017880224041361484,0.007324429125376993
800,4642,4641,0.5332902391725921,0.4667097608274079,0.19026071967248437,0.09674639086403793,0.046972635207929325,0.01788407670760612,0.007326007326007326
801,4641,4640,0.5331896551724138,0.4668103448275862,0.19030172413793103,0.09676724137931035,0.04698275862068965,0.01788793103448276,0.007327586206896552
802,4640,4639,0.5330890278077172,0.46691097219228284,0.1903427462815262,0.09678810088381117,0.04699288639793059,0.017891787023065316,0.007329165768484587
803,4639,4638,0.5329883570504528,0.4670116429495472,0.1903837861147046,0.0968089693833549,0.047003018542475204,0.017895644674428633,0.007330746011211729
804,4638,4637,0.5328876428725469,0.4671123571274531,0.19042484364891094,0.09682984688376105,0.047013155057149016,0.01789950398964848,0.007332326935518654
805,4637,4636,0.5330025884383088,0.4669974115616911,0.19046591889559966,0.09685073339085419,0.04702329594477998,0.017903364969801553,0.007333908541846419
806,4636,4635,0.5329018338727076,0.4670981661272923,0.19050701186623517,0.09687162891046386,0.04703344120819849,0.01790722761596548,0.007335490830636462
807,4635,4634,0.5330168321104877,0.4669831678895123,0.19054812257229176,0.09689253344842469,0.04704359085023738,0.017911091929218817,0.0073370738023306
808,4634,4633,0.5331318799913662,0.4668681200086337,0.19058925102525362,0.0969134470105763,0.04705374487373192,0.017914957910641054,0.007338657457371034
809,4633,4632,0.5332469775474957,0.46675302245250433,0.19041450777202074,0.09693436960276339,0.04706390328151986,0.017918825561312607,0.007340241796200345
810,4632,4631,0.5333621248110559,0.46663787518894406,0.19045562513496006,0.09695530123083568,0.04707406607644137,0.017922694882314835,0.007341826819261499
811,4631,4630,0.5332613390928725,0.46673866090712746,0.19049676025917928,0.09697624190064795,0.04708423326133909,0.017926565874730023,0.00734341252699784
812,4630,4629,0.5331605098293368,0.46683949017066323,0.19053791315618923,0.09699719161806006,0.047094404839058114,0.01793043853964139,0.0073449989198531
813,4629,4628,0.533275713050994,0.46672428694900603,0.1903630077787381,0.09701815038893691,0.04710458081244598,0.017934312878133102,0.007346585998271392
814,4628,4627,0.533390966068727,0.46660903393127295,0.19040414955694834,0.09703911821914847,0.04711476118435271,0.017938188891290254,0.007348173762697212
815,4627,4626,0.5332900994379594,0.46670990056204065,0.1904453091223519,0.09706009511456982,0.04712494595763078,0.017942066580198875,0.007349762213575443
816,4626,4625,0.5331891891891892,0.46681081081081083,0.19048648648648647,0.09708108108108109,0.047135135135135134,0.017945945945945944,0.0073513513513513516
817,4625,4624,0.5333044982698962,0.4666955017301038,0.19052768166089964,0.09710207612456748,0.047145328719723184,0.017949826989619378,0.007352941176470588
818,4624,4623,0.5334198572355613,0.46658014276443865,0.19035258490157905,0.09690677049534933,0.04693921695868484,0.017737399956738047,0.007138221933809215
819,4623,4622,0.5333189095629598,0.46668109043704026,0.1903937689311986,0.09692773691042839,0.04694937256598875,0.017741237559498052,0.007139766334919948
820,4622,4621,0.5334343215754166,0.4665656784245834,0.19043497078554425,0.09694871239991344,0.04695953256870807,0.017745076823198442,0.00714131140445791
821,4621,4620,0.5333333333333333,0.4666666666666667,0.19047619047619047,0.09696969696969697,0.04696969696969697,0.01774891774891775,0.007142857142857143
822,4620,4619,0.5334487984412211,0.46655120155877894,0.1905174280147218,0.09699069062567656,0.04697986577181208,0.01775276033773544,0.007144403550552067
823,4619,4618,0.5335643135556518,0.4664356864443482,0.19034213945430922,0.09701169337375487,0.04699003897791252,0.017756604590731917,0.00714595062797748
824,4618,4617,0.5336798787091185,0.4663201212908815,0.1903833658219623,0.09703270521983973,0.047000216590859865,0.017760450508988522,0.007147498375568551
825,4617,4616,0.533578856152513,0.466421143847487,0.19042461005199307,0.09705372616984402,0.047010398613518196,0.01776429809358752,0.007149046793760832
826,4616,4615,0.533694474539545,0.46630552546045506,0.190465872156013,0.09707475622968581,0.04702058504875406,0.017768147345612134,0.0071505958829902495
827,4615,4614,0.5338101430429129,0.46618985695708715,0.19029042045947117,0.09687906371911574,0.047030775899436494,0.017771998266146512,0.007152145643693108
828,4614,4613,0.5339258616952092,0.46607413830479083,0.19033167136353782,0.0969000650336007,0.04704097116843703,0.017775850856275744,0.007153696076306092
829,4613,4612,0.5338248048568951,0.46617519514310496,0.19037294015611447,0.0969210754553339,0.047051170858629664,0.01777970511708586,0.0071552471812662615
830,4612,4611,0.5337237041856431,0.466276295814357,0.19041422684883974,0.09694209499024073,0.04706137497289091,0.017783561049663846,0.0071567989590110605
831,4611,4610,0.5338394793926248,0.4661605206073753,0.19045553145336225,0.09696312364425162,0.047071583514099784,0.017787418655097614,0.007158351409978308
832,4610,4609,0.5337383380342807,0.4662616619657192,0.19049685398134086,0.09698416142330224,0.04708179648513777,0.017791277934476026,0.007159904534606206
833,4609,4608,0.5338541666666666,0.4661458333333333,0.19053819444444445,0.09700520833333333,0.04709201388888889,0.017795138888888888,0.007161458333333333
834,4608,4607,0.5339700455828088,0.46602995441719125,0.19036249186021273,0.09702626438029086,0.047102235728239635,0.017799001519426958,0.007163012806598654
835,4607,4606,0.534085974815458,0.4659140251845419,0.19040382110290924,0.09704732957012592,0.04711246200607903,0.017802865827181935,0.007164567954841511
836,4606,4605,0.533984799131379,0.4660152008686211,0.19044516829533117,0.09706840390879479,0.047122692725298586,0.017806731813246473,0.0071661237785016286
837,4605,4604,0.5338835794960903,0.46611642050390967,0.19048653344917463,0.09708948740225891,0.04713292788879236,0.017810599478714162,0.007167680278019114
838,4604,4603,0.5339995655007603,0.4660004344992396,0.19031066695633284,0.09689333043667174,0.04714316749945688,0.017814468824679557,0.0071692374538344554
839,4603,4602,0.5338983050847458,0.4661016949152542,0.19035202086049544,0.09691438504997828,0.04715341156019122,0.017818339852238158,0.007170795306388526
840,4602,4601,0.5340143447076723,0.46598565529232777,0.19039339274070854,0.0969354488154749,0.04716366007389698,0.017822212562486416,0.007172353836122582
841,4601,4600,0.5341304347826087,0.4658695652173913,0.19021739130434784,0.0967391304347826,0.04717391304347826,0.017826086956521738,0.007173913043478261
842,4600,4599,0.5340291367688628,0.4659708632311372,0.1902587519025875,0.09676016525331593,0.0471841704718417,0.017829963035442487,0.007175472928897586
843,4599,4598,0.533927794693345,0.46607220530665505,0.19030013049151806,0.09678120922140061,0.04719443236189648,0.01783384080034798,0.007177033492822967
844,4598,4597,0.5338264085273005,0.4661735914726996,0.19034152708288013,0.09680226234500762,0.04720469871655428,0.01783772025233848,0.007178594735697194
845,4597,4596,0.5339425587467362,0.4660574412532637,0.19016536118363794,0.09660574412532637,0.04721496953872933,0.01784160139251523,0.007180156657963447
846,4596,4595,0.5340587595212187,0.46594124047878127,0.19020674646354732,0.09662676822633297,0.047225244831338414,0.017845484221980415,0.007181719260065288
847,4595,4594,0.5339573356552024,0.4660426643447976,0.19024814976055726,0.09664780148019156,0.04723552459730083,0.01784936874183718,0.007183282542446669
848,4594,4593,0.5338558676246462,0.4661441323753538,0.19028957108643588,0.09666884389288047,0.047245808839538425,0.017853254953189637,0.007184846505551927
849,4593,4592,0.5339721254355401,0.46602787456445993,0.19033101045296166,0.09668989547038327,0.04725609756097561,0.017857142857142856,0.007186411149825784
850,4592,4591,0.5338706164234371,0.46612938357656286,0.19037246787192333,0.09671095621868873,0.04726639076453932,0.017861032454802875,0.007187976475713352
851,4591,4590,0.5339869281045752,0.46601307189542485,0.19041394335511982,0.09673202614379085,0.04727668845315904,0.01786492374727669,0.00718954248366013
852,4590,4589,0.5338853780780126,0.4661146219219874,0.19045543691436043,0.09675310525168881,0.04728699062976684,0.01786881673567226,0.007191109174112007
853,4589,4588,0.5337837837837838,0.46621621621621623,0.19049694856146468,0.0967741935483871,0.0472972972972973,0.017872711421098517,0.007192676547515257
854,4588,4587,0.5339001526051885,0.4660998473948114,0.19032047089601045,0.09657728362764334,0.04708960104643558,0.017876607804665358,0.007194244604316547
855,4587,4586,0.5340165721761884,0.4659834278238116,0.19014391626689925,0.09659834278238116,0.047099869167030094,0.017880505887483647,0.00719581334496293
856,4586,4585,0.534133042529989,0.4658669574700109,0.18996728462377319,0.09640130861504907,0.04689203925845147,0.01766630316248637,0.00697928026172301
857,4585,4584,0.5340314136125655,0.46596858638743455,0.1900087260034904,0.09642233856893542,0.04690226876090751,0.01767015706806283,0.006980802792321117
858,4584,4583,0.5339297403447524,0.4660702596552477,0.19005018546803404,0.09644337770019638,0.04691250272747109,0.01767401265546585,0.006982325987344534
859,4583,4582,0.5340462680052379,0.4659537319947621,0.189873417721519,0.0962461807071148,0.046704495853339155,0.017459624618070713,0.006983849847228284
860,4582,4581,0.5341628465400567,0.46583715345994325,0.18969657280069854,0.0962671905697446,0.04671469111547697,0.017463435931019428,0.006985374372407771
861,4581,4580,0.534061135371179,0.46593886462882095,0.18973799126637556,0.0962882096069869,0.046724890829694325,0.017467248908296942,0.0069868995633187774
862,4580,4579,0.5341777680716313,0.46582223192836864,0.1895610395282813,0.09609084953046516,0.04673509499890806,0.017471063550993666,0.006988425420397466
863,4579,4578,0.5340760157273918,0.4659239842726081,0.18960244648318042,0.09611183923110529,0.04674530362603757,0.01747487986020096,0.0069899519440803845
864,4578,4577,0.534192702643653,0.46580729735634696,0.1896438715315709,0.09613283810356128,0.046755516714004804,0.017478697837011142,0.006991479134804457
865,4577,4576,0.5340909090909091,0.4659090909090909,0.1896853146853147,0.09615384615384616,0.046765734265734264,0.017482517482517484,0.006993006993006993
866,4576,4575,0.5339890710382513,0.4660109289617486,0.18972677595628415,0.09617486338797815,0.04677595628415301,0.017486338797814208,0.006994535519125683
867,4575,4574,0.5338871884564932,0.46611281154350676,0.18976825535636205,0.09619588981198077,0.04678618277219064,0.0174901617839965,0.006996064713598601
868,4574,4573,0.5337852613164225,0.46621473868357755,0.1898097528974415,0.09621692543188279,0.04679641373277936,0.017493986442160506,0.006997594576864203
869,4573,4572,0.5336832895888014,0.4663167104111986,0.18985126859142606,0.09623797025371829,0.046806649168853895,0.017497812773403325,0.00699912510936133
870,4572,4571,0.5335812732443667,0.46641872675563334,0.18989280245022971,0.09625902428352658,0.04681688908335156,0.017501640778823015,0.007000656311529206
871,4571,4570,0.5334792122538293,0.4665207877461707,0.1899343544857768,0.0962800875273523,0.04682713347921225,0.0175054704595186,0.00700218818380744
872,4570,4569,0.5333771065878748,0.4666228934121252,0.1899759247100022,0.09630115999124535,0.04683738235937842,0.017509301816590064,0.007003720726636025
873,4569,4568,0.533493870402802,0.4665061295971979,0.18979859894921192,0.09632224168126094,0.046847635726795095,0.017513134851138354,0.0070052539404553416
874,4568,4567,0.5336106853514342,0.4663893146485658,0.18984015765272608,0.0963433326034596,0.0468578935844099,0.01751696956426538,0.007006787825706153
875,4567,4566,0.5337275514673675,0.4662724485326325,0.18988173455978974,0.09636443276390715,0.04686815593517302,0.017520805957074025,0.00700832238282961
876,4566,4565,0.5336254107338445,0.46637458926615555,0.18992332968236583,0.0963855421686747,0.046878422782037237,0.017524644030668127,0.007009857612267251
877,4565,4564,0.5335232252410167,0.46647677475898336,0.1899649430324277,0.09640666082383874,0.04688869412795793,0.017528483786152498,0.007011393514460999
878,4564,4563,0.5334209949594565,0.4665790050405435,0.19000657462195925,0.09642778873548104,0.04689896997589305,0.017532325224632918,0.007012930089853167
879,4563,4562,0.5333187198597107,0.46668128014028937,0.19004822446295486,0.09644892590968873,0.04690925032880316,0.017536168347216132,0.0070144673388864535
880,4562,4561,0.5334356500767375,0.46656434992326246,0.19008989256741943,0.09647007235255427,0.04691953518965139,0.017540013155009866,0.007016005262003947
881,4561,4560,0.5335526315789474,0.4664473684210526,0.1899122807017544,0.09649122807017543,0.04692982456140351,0.017543859649122806,0.007017543859649123
882,4560,4559,0.5336696644000878,0.46633033559991227,0.1897345909190612,0.0962930467207721,0.04672077209914455,0.017328361482781312,0.00679973678438254
883,4559,4558,0.5337867485739359,0.46621325142606407,0.1897762176393155,0.09631417288284336,0.04673102237823607,0.01733216322948662,0.006801228609039052
884,4558,4557,0.5336844415185429,0.4663155584814571,0.18981786262892253,0.09633530831687513,0.0467412771560237,0.017335966644722405,0.006802721088435374
885,4557,4556,0.5335820895522388,0.4664179104477612,0.1898595258999122,0.09635645302897278,0.04675153643546971,0.017339771729587356,0.006804214223002634
886,4556,4555,0.5336992316136114,0.46630076838638856,0.18990120746432493,0.09637760702524698,0.04676180021953897,0.01734357848518112,0.006805708013172338
887,4555,4554,0.5335968379446641,0.466403162055336,0.18994290733421168,0.09639877031181379,0.046772068511198944,0.017347386912604304,0.006807202459376372
888,4554,4553,0.5334943992971667,0.4665056007028333,0.1899846255216341,0.09641994289479464,0.046782341313419726,0.017351197012958487,0.006808697562047002
889,4553,4552,0.5333919156414763,0.46660808435852374,0.19002636203866433,0.09644112478031634,0.04679261862917399,0.01735500878734622,0.006810193321616872
890,4552,4551,0.5335091188749725,0.46649088112502746,0.18984838497033618,0.09646231597451109,0.04680290046143705,0.01735882223687102,0.0068116897385190065
891,4551,4550,0.5336263736263737,0.4663736263736264,0.1898901098901099,0.09648351648351648,0.046813186813186816,0.01736263736263736,0.006813186813186814
892,4550,4549,0.5337436799296549,0.4662563200703451,0.18993185315453945,0.0965047263134755,0.046823477687403824,0.017366454165750715,0.0068146845460540775
893,4549,4548,0.533641160949868,0.4663588390501319,0.18997361477572558,0.0965259454705365,0.04683377308707124,0.0173702726473175,0.006816182937554969
894,4548,4547,0.5337585221024852,0.46624147789751486,0.18979546954035628,0.09632724873542996,0.046624147789751484,0.017374092808445128,0.006817681988124038
895,4547,4546,0.5336559612846459,0.4663440387153542,0.18983721953365595,0.0963484381874175,0.04663440387153542,0.017377914650241973,0.006819181698196217
896,4546,4545,0.5335533553355336,0.46644664466446645,0.18987898789878987,0.09636963696369637,0.04664466446644665,0.01738173817381738,0.006820682068206821
897,4545,4544,0.5336707746478874,0.4663292253521127,0.1899207746478873,0.09639084507042253,0.04665492957746479,0.01738556338028169,0.006822183098591549
898,4544,4543,0.5335681267884658,0.46643187321153423,0.18996257979308825,0.09641206251375743,0.04666519920757209,0.017389390270746204,0.0068236847897864845
899,4543,4542,0.5336856010568032,0.4663143989431968,0.18978423601937472,0.0964332892998679,0.04667547335975341,0.017393218846323204,0.006825187142228093
900,4542,4541,0.5338031270645233,0.4661968729354768,0.18960581369742346,0.09623430962343096,0.04646553622550099,0.017176833296630698,0.006606474344857961
901,4541,4540,0.533920704845815,0.466079295154185,0.1894273127753304,0.0960352422907489,0.046255506607929514,0.016960352422907488,0.006387665198237885
902,4540,4539,0.5338180215906587,0.4661819784093413,0.18946904604538445,0.09605640008812513,0.046265697290152015,0.01696408900638907,0.006389072482925755
903,4539,4538,0.5339356544733362,0.4660643455266637,0.18951079770824153,0.09607756721022477,0.04627589246364037,0.016967827236668134,0.006390480387836051
904,4538,4537,0.5340533392109323,0.46594666078906766,0.18955256777606347,0.09609874366321358,0.04628609213136434,0.01697156711483359,0.006391888913378885
905,4537,4536,0.5341710758377425,0.4658289241622575,0.18959435626102292,0.09611992945326278,0.046296296296296294,0.016975308641975308,0.006393298059964726
906,4536,4535,0.5340683572216097,0.4659316427783903,0.18963616317530319,0.09614112458654907,0.04630650496141125,0.016979051819184122,0.00639470782800441
907,4535,4534,0.5339655932951036,0.4660344067048963,0.18967798853109838,0.09616232906925452,0.04631671812968681,0.01698279664755183,0.006396118217909131
908,4534,4533,0.5340833884844474,0.46591661151555264,0.18949922788440327,0.09596293845135671,0.04632693580410324,0.01698654312817119,0.0063975292300904475
909,4533,4532,0.5342012356575463,0.46579876434245365,0.18954104148278905,0.09598411297440423,0.04633715798764342,0.01699029126213592,0.006398940864960283
910,4532,4531,0.534098433016994,0.46590156698300594,0.18958287353785036,0.0960052968439638,0.04634738468329287,0.01699404105054072,0.00640035312293092
911,4531,4530,0.5339955849889625,0.4660044150110375,0.18962472406181016,0.09602649006622517,0.046357615894039736,0.016997792494481235,0.0064017660044150115
912,4530,4529,0.5341134908368294,0.4658865091631707,0.18944579377345994,0.09582689335394126,0.04636785162287481,0.017001545595054096,0.006403179509825568
913,4529,4528,0.5342314487632509,0.4657685512367491,0.1894876325088339,0.09584805653710247,0.04637809187279152,0.01700530035335689,0.006404593639575972
914,4528,4527,0.5343494588027391,0.4656505411972609,0.1895294897282969,0.09586922907002429,0.04638833664678595,0.017009056770488182,0.006406008394079964
915,4527,4526,0.5342465753424658,0.4657534246575342,0.18957136544410075,0.0958904109589041,0.04639858594785683,0.017012814847547502,0.006407423773751657
916,4526,4525,0.5341436464088398,0.46585635359116023,0.18961325966850828,0.09591160220994475,0.04640883977900553,0.01701657458563536,0.0064088397790055245
917,4525,4524,0.534261715296198,0.46573828470380196,0.1894341290893015,0.09571175950486295,0.046419098143236075,0.017020335985853226,0.00641025641025641
918,4524,4523,0.5343798363917753,0.4656201636082246,0.18925491930134866,0.09551182843245633,0.04642936104355516,0.01702409904930356,0.006411673667919522
919,4523,4522,0.5342768686421937,0.4657231313578063,0.189296771340115,0.09553295002211411,0.04643962848297214,0.017027863777089782,0.006413091552410438
920,4522,4521,0.5341738553417386,0.46582614465826144,0.18933864189338642,0.09555408095554081,0.046449900464499004,0.0170316301703163,0.006414510064145101
921,4521,4520,0.534070796460177,0.46592920353982303,0.18938053097345134,0.09557522123893805,0.046460176991150445,0.017035398230088497,0.006415929203539823
922,4520,4519,0.5339676919672494,0.4660323080327506,0.189422438592609,0.09559637087851294,0.04647045806594379,0.017039167957512723,0.006417348971011286
923,4519,4518,0.5340858787073927,0.46591412129260734,0.18946436476316955,0.09561752988047809,0.04648074369189907,0.017042939353696326,0.006418769366976538
924,4518,4517,0.5339827319017046,0.46601726809829536,0.18950630949745406,0.09563869825105158,0.04649103387203896,0.01704671241974762,0.006420190391853
925,4517,4516,0.5338795394154119,0.4661204605845881,0.18954827280779452,0.09565987599645705,0.04650132860938884,0.017050487156775908,0.006421612046058458
926,4516,4515,0.5337763012181617,0.46622369878183834,0.1895902547065338,0.09568106312292358,0.046511627906976744,0.017054263565891473,0.006423034330011074
927,4515,4514,0.5336730172795746,0.46632698272042533,0.1896322552060257,0.09570225963668587,0.04652193176783341,0.017058041648205582,0.006424457244129375
928,4514,4513,0.5335696875692444,0.4664303124307556,0.18967427431863507,0.09572346554398405,0.04653224019499225,0.01706182140483049,0.006425880788832263
929,4513,4512,0.5336879432624113,0.46631205673758863,0.18949468085106383,0.09574468085106383,0.04654255319148936,0.017065602836879433,0.006427304964539007
930,4512,4511,0.533584571048548,0.466415428951452,0.1895366880957659,0.09576590556417645,0.04655287076036355,0.01706938594546664,0.006428729771669253
931,4511,4510,0.5337028824833703,0.4662971175166297,0.1893569844789357,0.09578713968957872,0.04656319290465632,0.01707317073170732,0.006430155210643016
932,4510,4509,0.5335994677312043,0.46640053226879574,0.1893989798181415,0.09580838323353294,0.046573519627411845,0.017076957196717677,0.006431581281880683
933,4509,4508,0.5334960070984915,0.4665039929015084,0.18944099378881987,0.09582963620230701,0.046583850931677016,0.017080745341614908,0.006433007985803017
934,4508,4507,0.5333925005546927,0.46660749944530727,0.18948302640337253,0.0958508986021744,0.04659418682050144,0.017084535167517196,0.006434435322831151
935,4507,4506,0.533288948069241,0.466711051930759,0.18952507767421217,0.09587217043941411,0.04660452729693742,0.01708832667554372,0.006435863293386595
936,4506,4505,0.5334073251942286,0.4665926748057714,0.1893451720310766,0.09589345172031076,0.04661487236403995,0.01709211986681465,0.006437291897891232
937,4505,4504,0.533303730017762,0.466696269982238,0.18938721136767317,0.09591474245115453,0.04662522202486678,0.017095914742451153,0.006438721136767318
938,4504,4503,0.5334221630024428,0.46657783699755717,0.18942926937597157,0.09593604263824117,0.046635576282478344,0.017099711303575394,0.006440151010437486
939,4503,4502,0.5333185250999556,0.4666814749000444,0.18947134606841404,0.09595735228787206,0.046645935139937804,0.017103509551310528,0.006441581519324745
940,4502,4501,0.5332148411464119,0.46678515885358807,0.1895134414574539,0.09597867140635415,0.04665629860031104,0.017107309486780714,0.006443012663852477
941,4501,4500,0.5331111111111111,0.4668888888888889,0.18955555555555556,0.096,0.04666666666666667,0.01711111111111111,0.0064444444444444445
942,4500,4499,0.5332296065792398,0.46677039342076015,0.1895976883751945,0.0960213380751278,0.04667703934207602,0.017114914425427872,0.0064458768615247835
943,4499,4498,0.5331258337038683,0.4668741662961316,0.18963983992885727,0.09604268563806136,0.04668741662961316,0.01711871943085816,0.006447309915518008
944,4498,4497,0.5332443851456526,0.46675561485434736,0.18968201022904158,0.09606404269513008,0.0466977985323549,0.01712252612853013,0.00644874360684901
945,4497,4496,0.5333629893238434,0.4666370106761566,0.18972419928825623,0.09608540925266904,0.046708185053380785,0.017126334519572954,0.0064501779359430605
946,4496,4495,0.5334816462736374,0.46651835372636263,0.18976640711902112,0.09610678531701891,0.04671857619577308,0.017130144605116797,0.0064516129032258064
947,4495,4494,0.5336003560302626,0.46639964396973743,0.1898086337338674,0.09612817089452604,0.04672897196261682,0.017133956386292833,0.006453048509123275
948,4494,4493,0.5337191186289784,0.4662808813710216,0.18962831070554195,0.0961495659915424,0.04673937235699978,0.01713776986423325,0.006454484754061874
949,4493,4492,0.5336153161175423,0.4663846838824577,0.18967052537845058,0.09617097061442564,0.04674977738201247,0.01714158504007124,0.006455921638468388
950,4492,4491,0.5337341349365398,0.46626586506346024,0.1894900912936985,0.09596971721220218,0.04676018704074816,0.017145401914940992,0.006457359162769984
951,4491,4490,0.533630289532294,0.46636971046770603,0.18953229398663698,0.09599109131403118,0.0467706013363029,0.01714922048997773,0.0064587973273942095
952,4490,4489,0.533749164624638,0.466250835375362,0.18957451548229004,0.09601247493873914,0.04678102027177545,0.017153040766317667,0.0064602361327689905
953,4489,4488,0.5336452762923352,0.4663547237076649,0.18961675579322637,0.09603386809269163,0.04679144385026738,0.01715686274509804,0.0064616755793226385
954,4488,4487,0.5337642077111656,0.4662357922888344,0.18965901493202586,0.09605527078225987,0.046801872074883,0.0171606864274571,0.006463115667483842
955,4487,4486,0.533660276415515,0.46633972358448506,0.18970129291127955,0.09607668301382077,0.04681230494872938,0.017164511814534107,0.006464556397681676
956,4486,4485,0.53355629877369,0.4664437012263099,0.18974358974358974,0.09609810479375697,0.046822742474916385,0.01716833890746934,0.006465997770345597
957,4485,4484,0.5336752899197146,0.4663247100802855,0.18978590544157004,0.09611953612845674,0.04683318465655665,0.017172167707404103,0.006467439785905442
958,4484,4483,0.533794334151238,0.466205665848762,0.1898282400178452,0.09614097702431408,0.046843631496765556,0.017175998215480704,0.006468882444791434
959,4483,4482,0.533690316822847,0.46630968317715304,0.1898705934850513,0.0961624274877287,0.04685408299866131,0.01717983043284248,0.006470325747434181
960,4482,4481,0.5338094175407275,0.4661905824592725,0.18991296585583575,0.09618388752510601,0.04686453916536487,0.017183664360633788,0.006471769694264673
961,4481,4480,0.5339285714285714,0.4660714285714286,0.18995535714285713,0.09620535714285715,0.046875,0.0171875,0.006473214285714286
962,4480,4479,0.5338245144005358,0.46617548559946415,0.18999776735878543,0.09622683634739897,0.04688546550569324,0.01719133735208752,0.00647465952221478
963,4479,4478,0.5337204108977222,0.4662795891022778,0.1900401965163019,0.09624832514515409,0.04689593568557392,0.01719517641804377,0.006476105404198303
964,4478,4477,0.5338396247487157,0.46616037525128434,0.1898592807683717,0.09626982354255081,0.04690641054277418,0.0171990171990172,0.006477551932097387
965,4477,4476,0.5337354781054513,0.4662645218945487,0.18990169794459338,0.09629133154602323,0.04691689008042895,0.017202859696157282,0.006478999106344951
966,4476,4475,0.5336312849162012,0.4663687150837989,0.18994413407821228,0.09631284916201117,0.04692737430167598,0.017206703910614525,0.006480446927374301
967,4475,4474,0.5335270451497541,0.46647295485024587,0.18998658918194009,0.09633437639696021,0.04693786320965579,0.017210549843540455,0.006481895395619133
968,4474,4473,0.5334227587748714,0.46657724122512856,0.1900290632684999,0.09635591325732171,0.046948356807511735,0.017214397496087636,0.006483344511513525
969,4473,4472,0.5335420393559929,0.46645796064400713,0.1898479427549195,0.09615384615384616,0.046735241502683364,0.01721824686940966,0.00648479427549195
970,4472,4471,0.533661373294565,0.466338626705435,0.18989040483113398,0.09617535227018564,0.04674569447550884,0.01722209796466115,0.006486244687989264
971,4471,4470,0.5335570469798657,0.4664429530201342,0.18993288590604027,0.09619686800894854,0.04675615212527964,0.017225950782997764,0.006487695749440716
972,4470,4469,0.533452673976281,0.46654732602371896,0.18997538599239203,0.09621839337659431,0.04676661445513538,0.017229805325576192,0.0064891474602819426
973,4469,4468,0.5335720680393913,0.4664279319606088,0.18979409131602507,0.09623992837958818,0.04677708146821844,0.01723366159355416,0.006490599820948971
974,4468,4467,0.5336915155585404,0.4663084844414596,0.18983657935974926,0.09626147302440116,0.04678755316767405,0.01723751958809044,0.006492052831878218
975,4467,4466,0.5338110165696373,0.46618898343036275,0.1896551724137931,0.09628302731751008,0.046798029556650245,0.017241379310344827,0.006493506493506494
976,4466,4465,0.5339305711086226,0.46606942889137737,0.18947368421052632,0.09630459126539753,0.04680851063829787,0.017245240761478164,0.006494960806270996
977,4465,4464,0.5340501792114696,0.4659498207885305,0.1892921146953405,0.0961021505376344,0.04659498207885305,0.01724910394265233,0.006496415770609319
978,4464,4463,0.5339457763835985,0.46605422361640153,0.18933452834416312,0.09612368362088282,0.04660542236164015,0.01725296885503025,0.006497871386959444
979,4463,4462,0.5340654415060511,0.4659345584939489,0.18915284625728374,0.09614522635589422,0.04661586732406992,0.017256835499775885,0.006499327655759749
980,4462,4461,0.5341851602779646,0.4658148397220354,0.18897108271687962,0.09616677874915938,0.0466263169692894,0.01726070387805425,0.006500784577449003
981,4461,4460,0.534304932735426,0.465695067264574,0.1890134529147982,0.0961883408071749,0.04663677130044843,0.01726457399103139,0.006502242152466368
982,4460,4459,0.5342004933841669,0.46579950661583314,0.1890558421170666,0.09620991253644315,0.04664723032069971,0.01726844583987441,0.006503700381251401
983,4459,4458,0.5343203230148048,0.46567967698519513,0.18909825033647376,0.09623149394347241,0.04665769403319874,0.01727231942575146,0.006505159264244055
984,4458,4457,0.5344402064168723,0.46555979358312766,0.18891631142023782,0.09625308503477675,0.04666816244110388,0.017276194749831726,0.0065066188018846755
985,4457,4456,0.5343357271095153,0.46566427289048473,0.18895870736086176,0.09627468581687612,0.0466786355475763,0.017280071813285457,0.006508078994614004
986,4456,4455,0.5344556677890011,0.4655443322109989,0.18900112233445568,0.0962962962962963,0.04668911335578002,0.01728395061728395,0.006509539842873177
987,4455,4454,0.5343511450381679,0.46564885496183206,0.18904355635383924,0.09631791647956893,0.0466995958688819,0.01728783116299955,0.006511001347103727
988,4454,4453,0.5344711430496295,0.46552885695037055,0.18886144172468,0.09633954637323153,0.04671008309005165,0.01729171345160566,0.006512463507747586
989,4453,4452,0.534366576819407,0.465633423180593,0.1889038634321653,0.0963611859838275,0.04672057502246182,0.01729559748427673,0.00651392632524708
990,4452,4451,0.5342619636036846,0.46573803639631545,0.18894630420130307,0.09638283531790609,0.0467310716692878,0.017299483262188272,0.006515389800044934
991,4451,4450,0.5343820224719101,0.46561797752808987,0.18876404494382024,0.09640449438202248,0.046741573033707864,0.017303370786516854,0.00651685393258427
992,4450,4449,0.5342773657001574,0.4657226342998427,0.18880647336480108,0.0964261631827377,0.046752079118903125,0.017307260058440098,0.006518318723308609
993,4449,4448,0.5341726618705036,0.4658273381294964,0.18884892086330934,0.0964478417266187,0.046762589928057555,0.01731115107913669,0.006519784172661871
994,4448,4447,0.5340679109512031,0.46593208904879696,0.18889138745221498,0.09646953002023836,0.04677310546435799,0.017315043849786372,0.006521250281088374
995,4447,4446,0.5339631129104814,0.4660368870895187,0.18893387314439947,0.09649122807017543,0.04678362573099415,0.01731893837156995,0.0065227170490328385
996,4446,4445,0.5338582677165354,0.46614173228346456,0.1889763779527559,0.09651293588301463,0.046794150731158606,0.01732283464566929,0.006524184476940383
997,4445,4444,0.533978397839784,0.46602160216021604,0.18901890189018902,0.09653465346534654,0.046804680468046804,0.017326732673267328,0.0065256525652565255
998,4444,4443,0.5338735088903894,0.46612649110961063,0.18906144496961513,0.09655638082376772,0.046815214944857075,0.017330632455548053,0.006527121314427189
999,4443,4442,0.5339936965330933,0.4660063034669068,0.18887888338586223,0.09657811796488068,0.04682575416479064,0.017334533993696534,0.006528590724898694
1000,4442,4441,0.5338887637919387,0.4661112362080613,0.18892141409592433,0.09659986489529385,0.046836298131051564,0.017338437288898896,0.006530060797117767
1001,4441,4440,0.5337837837837838,0.46621621621621623,0.18896396396396398,0.09662162162162162,0.04684684684684685,0.017342342342342342,0.006531531531531532
1002,4440,4439,0.5339040324397387,0.46609596756026134,0.18900653300292858,0.09664338815048434,0.04685740031538635,0.017346249155215137,0.00653300292858752
1003,4439,4438,0.5340243352861649,0.46597566471383506,0.18904912122577738,0.09666516448850834,0.04686795853988283,0.017350157728706624,0.006534474988733664
1004,4438,4437,0.5341446923597025,0.4658553076402975,0.18909172864548118,0.0966869506423259,0.04687852152355195,0.017354068064007213,0.006535947712418301
1005,4437,4436,0.5342651036970244,0.46573489630297565,0.18890892696122633,0.09648331830477908,0.046889089269612265,0.017357980162308388,0.006537421100090171
1006,4436,4435,0.5343855693348365,0.46561443066516345,0.18895152198421647,0.09650507328072154,0.04689966178128523,0.017361894024802704,0.006538895152198422
1007,4435,4434,0.5345060893098782,0.4654939106901218,0.18899413622011726,0.09652683806946324,0.04691023906179522,0.017365809652683806,0.006540369869192602
1008,4434,4433,0.5344010827881795,0.46559891721182045,0.18903676968193098,0.09654861267764493,0.0469208211143695,0.017369727047146403,0.006541845251522671
1009,4433,4432,0.5345216606498195,0.4654783393501805,0.18907942238267147,0.09657039711191336,0.04693140794223827,0.017373646209386282,0.006543321299638989
1010,4432,4431,0.5344166102459942,0.46558338975400587,0.18912209433536448,0.09659219137892124,0.04694199954863462,0.017377567140600316,0.0065447980139923265
1011,4431,4430,0.5343115124153499,0.4656884875846501,0.18916478555304742,0.09661399548532731,0.04695259593679458,0.017381489841986456,0.00654627539503386
1012,4430,4429,0.534206367125762,0.465793632874238,0.18920749604876946,0.09663580943779634,0.046963197109957104,0.017385414314743733,0.006547753443215173
1013,4429,4428,0.5341011743450768,0.46589882565492324,0.1892502258355917,0.0966576332429991,0.04697380307136405,0.017389340560072266,0.006549232158988257
1014,4428,4427,0.5339959340411113,0.46600406595888866,0.18929297492658687,0.09667946690761238,0.04698441382426022,0.017393268579173254,0.006550711542805511
1015,4427,4426,0.5341165838228649,0.46588341617713513,0.18933574333483957,0.09670131043831902,0.04699502937189336,0.017397198373248983,0.006552191595119747
1016,4426,4425,0.5342372881355932,0.46576271186440676,0.18937853107344632,0.09672316384180792,0.04700564971751412,0.017401129943502826,0.006553672316384181
1017,4425,4424,0.534132007233273,0.46586799276672697,0.18942133815551537,0.09674502712477397,0.04701627486437613,0.01740506329113924,0.006555153707052441
1018,4424,4423,0.5342527696133845,0.4657472303866154,0.18946416459416685,0.09676690029391816,0.047026904815735925,0.01740899841736378,0.006556635767578567
1019,4423,4422,0.5341474445952058,0.4658525554047942,0.1895070104025328,0.09678878335594754,0.04703753957485301,0.017412935323383085,0.0065581184984170055
1020,4422,4421,0.534268265098394,0.46573173490160596,0.18954987559375708,0.09681067631757521,0.04704817914498982,0.017416874010404884,0.006559601900022619
1021,4421,4420,0.5343891402714932,0.4656108597285068,0.18936651583710407,0.09683257918552036,0.047058823529411764,0.01742081447963801,0.006561085972850679
1022,4420,4419,0.5342837746096402,0.4657162253903598,0.1894093686354379,0.09685449196650826,0.047069472731387195,0.017424756732292372,0.006562570717356868
1023,4419,4418,0.5344047080126754,0.4655952919873246,0.1892258940697148,0.09665006790402897,0.047080126754187414,0.017428700769578996,0.006564056133997284
1024,4418,4417,0.5342992981661762,0.46570070183382384,0.18926873443513698,0.09667194928684628,0.04709078560108671,0.017432646592709985,0.0065655422232284355
1025,4417,4416,0.5341938405797102,0.46580615942028986,0.18931159420289856,0.09669384057971014,0.04710144927536232,0.017436594202898552,0.006567028985507246
1026,4416,4415,0.5340883352208381,0.46591166477916196,0.18935447338618347,0.09671574178935448,0.04711211778029445,0.017440543601359004,0.006568516421291053
1027,4415,4414,0.5342093339374717,0.46579066606252834,0.1893973719981876,0.09673765292251926,0.04712279111916629,0.01744449478930675,0.006570004531037608
1028,4414,4413,0.5343303874915024,0.46566961250849764,0.18944029005211874,0.0967595739859506,0.04713346929526399,0.017448447767958303,0.006571493315205076
1029,4413,4412,0.5344514959202176,0.46554850407978243,0.18948322756119673,0.09678150498640073,0.0471441523118767,0.017452402538531277,0.00657298277425204
1030,4412,4411,0.5343459532985717,0.46565404670142824,0.18952618453865336,0.09680344593062798,0.047154840172296535,0.017456359102244388,0.006574472908637497
1031,4411,4410,0.5344671201814059,0.4655328798185941,0.18956916099773244,0.09682539682539683,0.047165532879818596,0.01746031746031746,0.006575963718820862
1032,4410,4409,0.5343615332274892,0.46563846677251075,0.18961215695168973,0.09684735767747789,0.04717623043774098,0.017464277613971423,0.006577455205261964
1033,4409,4408,0.5344827586206896,0.46551724137931033,0.1896551724137931,0.09686932849364792,0.047186932849364795,0.017468239564428313,0.006578947368421052
1034,4408,4407,0.5346040390288178,0.4653959609711822,0.18947129566598594,0.0966643975493533,0.0471976401179941,0.01747220331291128,0.006580440208758793
1035,4407,4406,0.5347253744893328,0.4652746255106673,0.18928733545165682,0.0964593735814798,0.04698138901497957,0.017476168860644577,0.006581933726736269
1036,4406,4405,0.5346197502837684,0.46538024971623154,0.18933030646992055,0.09648127128263337,0.04699205448354143,0.017480136208853577,0.006583427922814983
1037,4405,4404,0.5345140781108083,0.46548592188919163,0.1893732970027248,0.09650317892824704,0.04700272479564033,0.01748410535876476,0.0065849227974568575
1038,4404,4403,0.5346354758119464,0.4653645241880536,0.1891891891891892,0.09652509652509653,0.04701339995457642,0.017488076311605722,0.006586418351124233
1039,4403,4402,0.5345297592003635,0.4654702407996365,0.18923216719672875,0.09654702407996366,0.04702407996365288,0.01749204906860518,0.006587914584279873
1040,4402,4401,0.5346512156328107,0.4653487843671893,0.18927516473528744,0.09656896159963645,0.04703476482617587,0.017496023630992955,0.006589411497386958
1041,4401,4400,0.5345454545454545,0.46545454545454545,0.18931818181818183,0.09659090909090909,0.04704545454545454,0.0175,0.006590909090909091
1042,4400,4399,0.5344396453739486,0.4655603546260514,0.18936121845874063,0.09661286656058195,0.04705614912480109,0.01750397817685838,0.006592407365310297
1043,4399,4398,0.5345611641655298,0.4654388358344702,0.18940427467030468,0.09663483401546158,0.0470668485675307,0.017507958162801273,0.006593906321055025
1044,4398,4397,0.5344553104389357,0.4655446895610644,0.18944735046622696,0.0966568114623607,0.04707755287696157,0.017511939959062996,0.006595405958608142
1045,4397,4396,0.5345768880800728,0.4654231119199272,0.18949044585987262,0.09667879890809827,0.04708826205641492,0.01751592356687898,0.0065969062784349405
1046,4396,4395,0.534698521046644,0.4653014789533561,0.1895335608646189,0.09670079635949944,0.04709897610921502,0.017519908987485778,0.006598407281001138
1047,4395,4394,0.5345926263086026,0.46540737369139734,0.18957669549385525,0.09672280382339554,0.04710969503868912,0.017523896222121076,0.0065999089667728725
1048,4394,4393,0.5347143182335534,0.46528568176644663,0.1896198497609834,0.09674482130662418,0.04712041884816754,0.017527885272023674,0.006601411336216709
1049,4393,4392,0.5346083788706739,0.465391621129326,0.18966302367941712,0.09676684881602915,0.0471311475409836,0.017531876138433516,0.006602914389799636
1050,4392,4391,0.534730129810977,0.465269870189023,0.189478478706445,0.09678888635846049,0.0471418811204737,0.017535868822591665,0.006604418127989069
1051,4391,4390,0.534624145785877,0.46537585421412303,0.18952164009111616,0.09681093394077449,0.04715261958997722,0.01753986332574032,0.006605922551252847
1052,4390,4389,0.5347459557985874,0.46525404420141264,0.18956482114376852,0.09683299156983367,0.047163362952836636,0.017543859649122806,0.006607427660059239
1053,4389,4388,0.5346399270738378,0.46536007292616227,0.18960802187784867,0.09685505925250684,0.047174111212397445,0.01754785779398359,0.006608933454876937
1054,4388,4387,0.5345338500113973,0.4654661499886027,0.1896512423068156,0.09687713699566902,0.04718486437200821,0.01755185776156827,0.006610439936175063
1055,4387,4386,0.534655722754218,0.46534427724578203,0.18969448244414044,0.09689922480620156,0.04719562243502052,0.017555859553123575,0.0066119471044231645
1056,4386,4385,0.5345496009122007,0.46545039908779934,0.18973774230330673,0.09692132269099202,0.04720638540478905,0.017559863169897376,0.0066134549600912204
1057,4385,4384,0.5344434306569343,0.4655565693430657,0.1897810218978102,0.09694343065693431,0.047217153284671534,0.017563868613138685,0.006614963503649635
1058,4384,4383,0.5343372119552817,0.4656627880447182,0.18982432124115903,0.09696554871092859,0.04722792607802875,0.01756787588409765,0.006616472735569244
1059,4383,4382,0.5344591510725696,0.4655408489274304,0.18963943404837974,0.09698767685988133,0.047238703788224555,0.01757188498402556,0.006617982656321315
1060,4382,4381,0.5343528874686144,0.4656471125313855,0.18968272083999088,0.09700981511070532,0.047249486418625884,0.017575895914174845,0.0066194932663775395
1061,4381,4380,0.5344748858447489,0.46552511415525116,0.18972602739726027,0.09703196347031963,0.04726027397260274,0.017579908675799085,0.006621004566210046
1062,4380,4379,0.5343685773007536,0.4656314226992464,0.18976935373372916,0.09705412194564969,0.0472710664535282,0.017583923270153002,0.006622516556291391
1063,4379,4378,0.5344906349931475,0.46550936500685247,0.18981269986295113,0.09707629054362722,0.04728186386477844,0.017587939698492462,0.006624029237094564
1064,4378,4377,0.5346127484578478,0.46538725154215216,0.18962759881197166,0.09709846927119031,0.047292666209732694,0.01759195796207448,0.006625542609092986
1065,4377,4376,0.5345063985374772,0.46549360146252283,0.1896709323583181,0.09712065813528337,0.04730347349177331,0.017595978062157222,0.0066270566727605115
1066,4376,4375,0.5344,0.4656,0.18971428571428572,0.09714285714285714,0.04731428571428571,0.0176,0.006628571428571429
1067,4375,4374,0.5345221764974851,0.4654778235025149,0.18952903520804756,0.09716506630086877,0.047325102880658436,0.017604023776863282,0.006630086877000457
1068,4374,4373,0.5344157329064715,0.46558426709352846,0.18957237594328835,0.09718728561628173,0.0473359249942831,0.01760804939400869,0.0066316030185227534
1069,4373,4372,0.5343092406221409,0.4656907593778591,0.18961573650503202,0.09720951509606587,0.04734675205855444,0.017612076852698992,0.006633119853613907
1070,4372,4371,0.534202699611073,0.465797300388927,0.1896591169068863,0.09723175474719743,0.04735758407687028,0.017616106154198122,0.0066346373827499425
1071,4371,4370,0.534324942791762,0.465675057208238,0.18970251716247138,0.09725400457665904,0.04736842105263158,0.017620137299771167,0.006636155606407322
1072,4370,4369,0.5344472419317922,0.46555275806820784,0.18974593728542,0.09727626459143969,0.04737926298924239,0.017624170290684367,0.006637674525062943
1073,4369,4368,0.5345695970695971,0.46543040293040294,0.18956043956043955,0.0972985347985348,0.04739010989010989,0.017628205128205128,0.006639194139194139
1074,4368,4367,0.5344630180902221,0.4655369819097779,0.1896038470345775,0.09732081520494619,0.047400961758644375,0.017632241813602016,0.006640714449278681
1075,4367,4366,0.5343563902885937,0.46564360971140634,0.1896472743930371,0.09734310581768209,0.04741181859825928,0.017636280348144753,0.006642235455794778
1076,4366,4365,0.5344788087056128,0.4655211912943872,0.18969072164948453,0.09736540664375716,0.04742268041237113,0.017640320733104238,0.0066437571592210766
1077,4365,4364,0.534372135655362,0.46562786434463793,0.18973418881759854,0.09738771769019249,0.047433547204399636,0.01764436296975252,0.006645279560036663
1078,4364,4363,0.5344946137978455,0.4655053862021545,0.18977767591107036,0.09741003896401558,0.04744441897776759,0.017648407059362825,0.006646802658721063
1079,4363,4362,0.5343878954607978,0.4656121045392022,0.18982118294360384,0.09743237047226043,0.04745529573590096,0.017652453003209535,0.006648326455754241
1080,4362,4361,0.5342811281816098,0.4657188718183903,0.18986470992891538,0.09745471222196744,0.047466177482228845,0.01765650080256822,0.006649850951616602
1081,4361,4360,0.5341743119266055,0.4658256880733945,0.18990825688073396,0.09747706422018348,0.04747706422018349,0.017660550458715597,0.006651376146788991
1082,4360,4359,0.5342968570773113,0.4657031429226887,0.1899518238128011,0.09749942647396191,0.047487955953200274,0.017664601972929572,0.0066529020417526955
1083,4359,4358,0.5344194584671867,0.4655805415328132,0.18999541073887105,0.09752179899036255,0.04749885268471776,0.017668655346489214,0.006654428636989445
1084,4358,4357,0.5343126004131283,0.4656873995868717,0.1900390176727106,0.09754418177645169,0.04750975441817765,0.017672710580674777,0.006655955932981409
1085,4357,4356,0.5344352617079889,0.465564738292011,0.19008264462809918,0.09756657483930212,0.047520661157024795,0.017676767676767676,0.006657483930211203
1086,4356,4355,0.5343283582089552,0.46567164179104475,0.19012629161882894,0.09758897818599312,0.047531572904707234,0.017680826636050518,0.006659012629161883
1087,4355,4354,0.5342214056040423,0.46577859439595776,0.19016995865870465,0.09761139182361048,0.04754248966467616,0.017684887459807074,0.00666054203031695
1088,4354,4353,0.5343441304847232,0.4656558695152768,0.1899839191362279,0.09740408913393062,0.04755341144038594,0.017688950149322306,0.006662072134160349
1089,4353,4352,0.5344669117647058,0.4655330882352941,0.18979779411764705,0.09719669117647059,0.04733455882352941,0.017693014705882353,0.00666360294117647
1090,4352,4351,0.5345897494828775,0.4654102505171225,0.18961158354401286,0.09721903010802115,0.04734543783038382,0.017697081130774533,0.00666513445185015
1091,4351,4350,0.5344827586206896,0.46551724137931033,0.1896551724137931,0.09724137931034482,0.04735632183908046,0.017701149425287357,0.006666666666666667
1092,4350,4349,0.5346056564727524,0.4653943435272476,0.18946884341227868,0.09703380087376408,0.0471372729363072,0.01770521959071051,0.00666819958611175
1093,4349,4348,0.5344986200551978,0.46550137994480223,0.18951241950321987,0.09705611775528979,0.04714811407543698,0.017709291628334865,0.006669733210671573
1094,4348,4347,0.5343915343915344,0.4656084656084656,0.18955601564297217,0.09707844490453187,0.04715896020243846,0.017713365539452495,0.006671267540832759
1095,4347,4346,0.5342843994477681,0.46571560055223193,0.18959963184537507,0.09710078232857801,0.04716981132075472,0.01771744132535665,0.006672802577082374
1096,4346,4345,0.5341772151898734,0.46582278481012657,0.18964326812428078,0.09712313003452244,0.047180667433831994,0.017721518987341773,0.0066743383199079406
1097,4345,4344,0.5340699815837937,0.46593001841620624,0.18968692449355432,0.09714548802946593,0.0471915285451197,0.0177255985267035,0.006675874769797422
1098,4344,4343,0.5341929541791388,0.46580704582086113,0.18973060096707345,0.09716785632051578,0.04720239465807046,0.01772967994473866,0.006677411927239235
1099,4343,4342,0.5343159834177799,0.4656840165822202,0.18977429755872868,0.09719023491478582,0.047213265776140025,0.01773376324274528,0.006678949792722248
1100,4342,4341,0.5342087076710436,0.46579129232895644,0.1898180142824234,0.09721262381939645,0.04722414190278738,0.017737848422022577,0.0066804883667357755
1101,4341,4340,0.534331797235023,0.46566820276497695,0.18986175115207374,0.09723502304147466,0.04723502304147465,0.017741935483870968,0.0066820276497695855
1102,4340,4339,0.5342244756856418,0.46577552431435815,0.18990550818160867,0.09725743258815395,0.04724590919566721,0.017746024429592073,0.006683567642313897
1103,4339,4338,0.5341171046565237,0.46588289534347627,0.18994928538497002,0.09727985246657446,0.04725680036883356,0.017750115260488704,0.006685108344859382
1104,4338,4337,0.5342402582430251,0.4657597417569749,0.18999308277611252,0.09730228268388287,0.04726769656444547,0.017754207977864884,0.006686649757897164
1105,4337,4336,0.5341328413284133,0.46586715867158673,0.1900369003690037,0.09732472324723247,0.04727859778597786,0.01775830258302583,0.006688191881918819
1106,4336,4335,0.5342560553633218,0.4657439446366782,0.1898500576701269,0.09711649365628604,0.04728950403690888,0.01776239907727797,0.006689734717416378
1107,4335,4334,0.5341485925242271,0.46585140747577297,0.18989386248269496,0.09713890170742963,0.04730041532071989,0.017766497461928935,0.006691278264882325
1108,4334,4333,0.5340410800830833,0.4659589199169167,0.1899376875144242,0.09716132010154627,0.04731133164089545,0.017770597738287562,0.0066928225248096005
1109,4333,4332,0.5341643582640813,0.46583564173591874,0.1899815327793167,0.09718374884579871,0.04732225300092336,0.017774699907663897,0.006694367497691598
1110,4332,4331,0.5342876933733549,0.4657123066266451,0.18979450473331794,0.09697529438928654,0.04710228584622489,0.0177788039713692,0.006695913184022166
1111,4331,4330,0.5341801385681293,0.46581986143187065,0.18983833718244802,0.09699769053117784,0.047113163972286376,0.017782909930715934,0.006697459584295612
1112,4330,4329,0.5340725340725341,0.4659274659274659,0.18988218988218988,0.09702009702009702,0.04712404712404712,0.017787017787017786,0.006699006699006699
1113,4329,4328,0.5339648798521257,0.4660351201478743,0.1899260628465804,0.09704251386321626,0.04713493530499076,0.01779112754158965,0.006700554528650647
1114,4328,4327,0.533857175872429,0.4661428241275711,0.18996995608966952,0.09706494106771435,0.04714582851860411,0.01779523919574763,0.0067021030737231336
1115,4327,4326,0.5337494220989366,0.46625057790106333,0.1900138696255201,0.0970873786407767,0.047156726768377254,0.01779935275080906,0.006703652334720296
1116,4326,4325,0.5336416184971098,0.46635838150289016,0.19005780346820808,0.09710982658959537,0.047167630057803465,0.017803468208092487,0.0067052023121387284
1117,4325,4324,0.5335337650323775,0.4664662349676226,0.19010175763182238,0.0971322849213691,0.04717853839037928,0.017807585568917667,0.006706753006475485
1118,4324,4323,0.5336571825121443,0.46634281748785567,0.19014573213046496,0.09715475364330327,0.04718945176960444,0.017811704834605598,0.006708304418228082
1119,4323,4322,0.5335492827394724,0.46645071726052756,0.19018972697825082,0.09717723276260991,0.047200370198981954,0.01781582600647848,0.006709856547894493
1120,4322,4321,0.5336727609349687,0.46632723906503126,0.19000231427910205,0.09696829437630178,0.047211293682018055,0.017819949085859755,0.006711409395973154
1121,4321,4320,0.5335648148148148,0.4664351851851852,0.1900462962962963,0.09699074074074074,0.04722222222222222,0.017824074074074076,0.006712962962962963
1122,4320,4319,0.5334568187080343,0.46654318129196576,0.19009029868025007,0.09701319749942117,0.0472331558231072,0.017828200972447326,0.006714517249363279
1123,4319,4318,0.5333487725798981,0.4666512274201019,0.19013432144511347,0.09703566465956462,0.047244094488188976,0.017832329782306623,0.006716072255673923
1124,4318,4317,0.5332406763956451,0.4667593236043549,0.1901783646050498,0.09705814222839936,0.0472550382209868,0.01783646050498031,0.006717627982395182
1125,4317,4316,0.5333642261353104,0.4666357738646895,0.1902224281742354,0.09708063021316034,0.047265987025023166,0.01784059314179796,0.006719184430027804
1126,4316,4315,0.5332560834298957,0.4667439165701043,0.1902665121668598,0.09710312862108922,0.04727694090382387,0.017844727694090384,0.006720741599073001
1127,4315,4314,0.5333796940194715,0.4666203059805285,0.19007881316643485,0.09689383402874363,0.04728789986091794,0.017848864163189614,0.006722299490032452
1128,4314,4313,0.5335033619290517,0.4664966380709483,0.19012288430326918,0.09691629955947137,0.0472988638998377,0.017853002550428935,0.0067238581034083
1129,4313,4312,0.5333951762523191,0.46660482374768086,0.1901669758812616,0.09693877551020408,0.04730983302411874,0.017857142857142856,0.006725417439703154
1130,4312,4311,0.5335189051264208,0.4664810948735792,0.18997912317327767,0.09672929714683368,0.04732080723729993,0.017861285084667132,0.006726977499420088
1131,4311,4310,0.5334106728538283,0.4665893271461717,0.1900232018561485,0.09675174013921113,0.047331786542923436,0.01786542923433875,0.006728538283062645
1132,4310,4309,0.5333023903457879,0.4666976096542121,0.19006730099791136,0.0967741935483871,0.04734277094453469,0.017869575307495937,0.006730099791134834
1133,4309,4308,0.5334261838440112,0.46657381615598886,0.18987929433611886,0.09656453110492108,0.04712163416898793,0.01787372330547818,0.006731662024141133
1134,4308,4307,0.5335500348270258,0.4664499651729742,0.18969120037148826,0.09635477130253077,0.046900394706292085,0.017645693057812863,0.006733224982586487
1135,4307,4306,0.5334417092429169,0.46655829075708316,0.18973525313516024,0.09637714816535067,0.046911286576869486,0.01764979098931723,0.006734788666976312
1136,4306,4305,0.5333333333333333,0.4666666666666667,0.18977932636469222,0.09639953542392567,0.04692218350754936,0.017653890824622532,0.0067363530778164924
1137,4305,4304,0.533457249070632,0.46654275092936803,0.18982342007434944,0.09642193308550186,0.046933085501858735,0.017657992565055763,0.006737918215613383
1138,4304,4303,0.5333488264001859,0.46665117359981406,0.1898675342784104,0.0964443411573321,0.04694399256332791,0.017662096211945155,0.006739484080873809
1139,4303,4302,0.5334728033472803,0.4665271966527197,0.1899116689911669,0.09646675964667596,0.04695490469549047,0.017666201766620176,0.006741050674105067
1140,4302,4301,0.5333643338758428,0.4666356661241572,0.18995582422692397,0.09648918856079981,0.04696582190188328,0.017670309230411532,0.006742617995814926
1141,4301,4300,0.5332558139534884,0.46674418604651163,0.19,0.09651162790697675,0.04697674418604651,0.017674418604651163,0.006744186046511628
1142,4300,4299,0.5331472435450104,0.4668527564549895,0.1900441963247267,0.09653407769248662,0.04698767155152361,0.01767852989067225,0.006745754826703885
1143,4299,4298,0.5330386226151699,0.4669613773848302,0.19008841321544906,0.0965565379246161,0.04699860400186133,0.017682643089809214,0.006747324336900884
1144,4298,4297,0.5331626716313708,0.4668373283686293,0.1901326506865255,0.0965790086106586,0.047009541540609726,0.01768675820339772,0.006748894577612288
1145,4297,4296,0.5332867783985102,0.46671322160148976,0.19017690875232773,0.09660148975791434,0.04702048417132216,0.017690875232774673,0.006750465549348231
1146,4296,4295,0.5331781140861467,0.4668218859138533,0.19022118742724098,0.09662398137369034,0.0470314318975553,0.01769499417927823,0.0067520372526193246
1147,4295,4294,0.5333022822543083,0.4666977177456917,0.1902654867256637,0.09664648346530041,0.04704238472286912,0.017699115044247787,0.006753609687936655
1148,4294,4293,0.5334265082692755,0.46657349173072443,0.19030980666200792,0.09666899604006522,0.047053342650826925,0.017703237829023992,0.006755182855811786
1149,4293,4292,0.5333178005591799,0.4666821994408201,0.19035414725069896,0.09669151910531221,0.04706430568499534,0.017707362534948742,0.006756756756756757
1150,4292,4291,0.5332090421813097,0.4667909578186903,0.1903985085061757,0.09671405266837567,0.0470752738289443,0.017711489163365183,0.006758331391284083
1151,4291,4290,0.5331002331002331,0.4668997668997669,0.19044289044289045,0.09673659673659674,0.047086247086247084,0.017715617715617717,0.00675990675990676
1152,4290,4289,0.532991373280485,0.46700862671951504,0.19048729307530893,0.09675915131732339,0.0470972254604803,0.017719748193051995,0.006761482863138261
1153,4289,4288,0.5328824626865671,0.46711753731343286,0.19053171641791045,0.09678171641791045,0.04710820895522388,0.017723880597014924,0.006763059701492537
1154,4288,4287,0.5327735012829484,0.4672264987170516,0.19057616048518777,0.09680429204571962,0.04711919757406111,0.017728014928854677,0.0067646372754840214
1155,4287,4286,0.5326644890340644,0.4673355109659356,0.19062062529164722,0.09682687820811946,0.04713019132057863,0.01773215118992067,0.006766215585627624
1156,4286,4285,0.5327887981330222,0.46721120186697784,0.19066511085180862,0.09684947491248541,0.04714119019836639,0.017736289381563596,0.00676779463243874
1157,4285,4284,0.5326797385620915,0.4673202614379085,0.1907096171802054,0.09687208216619982,0.04715219421101774,0.017740429505135387,0.00676937441643324
1158,4284,4283,0.5328041092692039,0.46719589073079615,0.19075414429138454,0.09689469997665189,0.04716320336212935,0.01774457156198926,0.006770954938127481
1159,4283,4282,0.5326950023353573,0.4673049976646427,0.19079869219990658,0.09691732835123774,0.04717421765530126,0.017748715553479684,0.0067725361980383
1160,4282,4281,0.5325858444288718,0.46741415557112825,0.1908432609203457,0.09693996729736043,0.047185237094136884,0.017752861480962393,0.006774118196683018
1161,4281,4280,0.5324766355140187,0.4675233644859813,0.19088785046728973,0.0969626168224299,0.04719626168224299,0.017757009345794394,0.006775700934579439
1162,4280,4279,0.5326010750175275,0.46739892498247254,0.19093246085534002,0.09698527693386305,0.04720729142322973,0.017761159149333957,0.006777284412245852
1163,4279,4278,0.5327255726975222,0.4672744273024778,0.19097709209911173,0.09700794763908369,0.047218326320710616,0.017765310892940627,0.006778868630201029
1164,4278,4277,0.5328501285948094,0.46714987140519054,0.19102174421323356,0.09703062894552256,0.04722936637830255,0.017769464577975215,0.006780453588964227
1165,4277,4276,0.5327408793264733,0.46725912067352665,0.191066417212348,0.0970533208606174,0.04724041159962582,0.01777362020579981,0.006782039289055191
1166,4276,4275,0.5328654970760234,0.4671345029239766,0.19111111111111112,0.09707602339181287,0.04725146198830409,0.017777777777777778,0.006783625730994152
1167,4275,4274,0.5329901731399158,0.46700982686008424,0.19092185306504444,0.0970987365465606,0.047262517547964435,0.017781937295273748,0.006785212915301825
1168,4274,4273,0.5328808799438334,0.4671191200561666,0.19096653405101802,0.09712146033231922,0.04727357828223731,0.01778609875965364,0.006786800842499415
1169,4273,4272,0.5330056179775281,0.4669943820224719,0.19077715355805244,0.09714419475655431,0.04728464419475655,0.017790262172284643,0.006788389513108614
1170,4272,4271,0.5331304144228518,0.4668695855771482,0.19058768438304846,0.0969328026223367,0.047061578084757666,0.017794427534535237,0.0067899789276516034
1171,4271,4270,0.5330210772833723,0.4669789227166276,0.19063231850117096,0.09695550351288056,0.047072599531615925,0.017798594847775177,0.006791569086651054
1172,4270,4269,0.5329116889201219,0.4670883110798782,0.1906769735301007,0.09697821503865074,0.04708362614195362,0.0178027641133755,0.006793159990630124
1173,4269,4268,0.5330365510777882,0.4669634489222118,0.19048734770384254,0.09676663542642924,0.046860356138706656,0.01780693533270853,0.006794751640112465
1174,4268,4267,0.5329271150691353,0.4670728849308648,0.1905319896883056,0.09678931333489571,0.04687133817670495,0.01781110850714788,0.006796344035622217
1175,4267,4266,0.5330520393811533,0.4669479606188467,0.19057665260196907,0.09681200187529301,0.04688232536333802,0.017815283638068447,0.006797937177684013
1176,4266,4265,0.5329425556858147,0.4670574443141852,0.1906213364595545,0.09683470105509964,0.04689331770222743,0.017819460726846426,0.006799531066822978
1177,4265,4264,0.5328330206378987,0.46716697936210133,0.19066604127579737,0.09685741088180112,0.04690431519699812,0.017823639774859287,0.006801125703564728
1178,4264,4263,0.5329580107905231,0.46704198920947687,0.19071076706544687,0.09688013136288999,0.04691531785127844,0.01782782078348581,0.006802721088435374
1179,4263,4262,0.5328484279680901,0.4671515720319099,0.19075551384326608,0.09690286250586579,0.04692632566870014,0.017832003754106054,0.00680431722196152
1180,4262,4261,0.5327387937103967,0.4672612062896034,0.19080028162403193,0.09692560431823516,0.04693733865289838,0.017836188688101384,0.006805914104670265
1181,4261,4260,0.5326291079812207,0.46737089201877935,0.1908450704225352,0.09694835680751174,0.046948356807511735,0.01784037558685446,0.006807511737089202
1182,4260,4259,0.5327541676449871,0.46724583235501294,0.19088988025358064,0.09697111998121624,0.0469593801361822,0.017844564451749236,0.0068091101197464195
1183,4259,4258,0.5326444340065759,0.46735556599342415,0.19093471113198685,0.09699389384687647,0.04697040864255519,0.017848755284170972,0.006810709253170503
1184,4258,4257,0.5325346488137186,0.4674653511862814,0.19097956307258632,0.09701667841202725,0.04698144233027954,0.017852948085506224,0.006812309137890533
1185,4257,4256,0.5326597744360902,0.46734022556390975,0.19078947368421054,0.09680451127819549,0.046992481203007516,0.017857142857142856,0.00681390977443609
1186,4256,4255,0.5325499412455934,0.4674500587544066,0.19083431257344302,0.09682726204465335,0.04700352526439483,0.017861339600470035,0.006815511163337251
1187,4255,4254,0.5324400564174894,0.4675599435825106,0.1908791725434885,0.09685002350728726,0.047014574518100614,0.017865538316878232,0.0068171133051245884
1188,4254,4253,0.5325652480601928,0.4674347519398072,0.19092405360921702,0.09687279567364214,0.04702562896778745,0.01786973900775923,0.006818716200329179
1189,4253,4252,0.5324553151458138,0.46754468485418627,0.1909689557855127,0.09689557855126998,0.047036688617121354,0.017873941674506115,0.006820319849482596
1190,4252,4251,0.5325805692778169,0.467419430722183,0.19077864031992472,0.09668313338038109,0.04681251470242296,0.01787814631851329,0.006821924253116914
1191,4251,4250,0.5324705882352941,0.46752941176470586,0.1908235294117647,0.09670588235294118,0.04682352941176471,0.01788235294117647,0.006823529411764706
1192,4250,4249,0.5325959049188044,0.46740409508119557,0.1908684396328548,0.09672864203341963,0.046834549305718995,0.01788656154389268,0.006825135325959049
1193,4249,4248,0.5327212806026366,0.4672787193973635,0.19091337099811675,0.09675141242937853,0.04684557438794727,0.017890772128060263,0.006826741996233522
1194,4248,4247,0.5326112550035319,0.4673887449964681,0.19095832352248646,0.0967741935483871,0.046856604662114436,0.01789498469507888,0.006828349423122204
1195,4247,4246,0.532736693358455,0.467263306641545,0.1910032972209138,0.09679698539802167,0.046867640131888835,0.017899199246349504,0.0068299576071596795
1196,4246,4245,0.5326266195524146,0.4673733804475854,0.19104829210836277,0.09681978798586573,0.046878680800942284,0.01790341578327444,0.006831566548881037
1197,4245,4244,0.532516493873704,0.46748350612629597,0.1910933081998115,0.09684260131950989,0.04688972667295005,0.017907634307257305,0.006833176248821867
1198,4244,4243,0.5326419985859062,0.4673580014140938,0.1911383455102522,0.09686542540655196,0.04690077775159086,0.01791185481970304,0.006834786707518265
1199,4243,4242,0.5327675624705328,0.46723243752946725,0.19094766619519093,0.09688826025459689,0.04691183404054691,0.017916077322017915,0.006836397925506836
1200,4242,4241,0.5328931855694412,0.46710681443055885,0.1909926904032068,0.09691110587125677,0.046922895543503894,0.017920301815609527,0.0068380099033246875
1201,4241,4240,0.5330188679245284,0.4669811320754717,0.19080188679245283,0.09693396226415095,0.04693396226415095,0.017924528301886792,0.006839622641509434
1202,4240,4239,0.5331446095777306,0.4668553904222694,0.19061099315876387,0.09695682944090588,0.0469450342061807,0.017928756782259966,0.006841236140599198
1203,4239,4238,0.5330344502123643,0.46696554978763566,0.19065596979707408,0.09697970740915526,0.04695611137328929,0.01793298725814063,0.00684285040113261
1204,4238,4237,0.5329242388482417,0.4670757611517583,0.19070096766580127,0.09700259617654,0.0469671937691763,0.017937219730941704,0.006844465423648808
1205,4237,4236,0.5328139754485364,0.46718602455146363,0.1907459867799811,0.09702549575070822,0.046978281397544855,0.01794145420207743,0.006846081208687441
1206,4236,4235,0.5327036599763872,0.46729634002361276,0.1907910271546635,0.09704840613931523,0.046989374262101535,0.0179456906729634,0.006847697756788666
1207,4235,4234,0.5328294756731223,0.46717052432687767,0.19083608880491262,0.09707132735002362,0.047000472366556446,0.017949929145016533,0.00684931506849315
1208,4234,4233,0.532719111741082,0.467280888258918,0.19088117174580677,0.09709425939050319,0.0470115757146232,0.01795416961965509,0.006850933144342074
1209,4233,4232,0.532608695652174,0.4673913043478261,0.19092627599243855,0.097117202268431,0.0470226843100189,0.017958412098298678,0.006852551984877127
1210,4232,4231,0.5327345781139211,0.46726542188607895,0.1909714015599149,0.09714015599149137,0.04703379815646419,0.017962656582368234,0.0068541715906405105
1211,4231,4230,0.5328605200945626,0.46713947990543736,0.19101654846335697,0.09716312056737589,0.047044917257683214,0.017966903073286054,0.006855791962174941
1212,4230,4229,0.5329865216363207,0.46701347836367935,0.19082525419720975,0.09694963348309293,0.04681957909671317,0.017734689051785293,0.006857413100023646
1213,4229,4228,0.5328760643330179,0.467123935666982,0.19087038789025543,0.09697256385998108,0.04683065279091769,0.017738883632923367,0.006859035004730369
1214,4228,4227,0.5330021291696239,0.46699787083037614,0.19067896853560445,0.09675893068370002,0.0468417317246274,0.017743080198722498,0.006860657676839366
1215,4227,4226,0.5328916232844297,0.46710837671557026,0.19072408897302415,0.09678182678655939,0.04685281590156176,0.017747278750591577,0.00686228111689541
1216,4226,4225,0.5327810650887574,0.4672189349112426,0.19076923076923077,0.09680473372781065,0.04686390532544379,0.01775147928994083,0.006863905325443787
1217,4225,4224,0.5326704545454546,0.46732954545454547,0.19081439393939395,0.09682765151515152,0.046875,0.01775568181818182,0.006865530303030303
1218,4224,4223,0.5327965901018233,0.46720340989817666,0.1908595784986976,0.096850580156287,0.04688609992896046,0.017759886336727444,0.006867156050201279
1219,4223,4222,0.5329227854097585,0.4670772145902416,0.1906679298910469,0.09663666508763619,0.046660350544765514,0.01752723827569872,0.006631927996210327
1220,4222,4221,0.5330490405117271,0.4669509594882729,0.19047619047619047,0.09642264866145463,0.04643449419568822,0.017531390665719022,0.006633499170812604
1221,4221,4220,0.5329383886255924,0.4670616113744076,0.190521327014218,0.09644549763033175,0.046445497630331754,0.017535545023696683,0.006635071090047393
1222,4220,4219,0.5330647072766058,0.4669352927233942,0.19056648494904005,0.09646835743067078,0.04645650628110927,0.01753970135103105,0.006636643754444181
1223,4219,4218,0.5331910858226647,0.4668089141773352,0.1906116642958748,0.09649122807017543,0.046467520151730675,0.017543859649122806,0.006638217164532954
1224,4218,4217,0.5330803889020631,0.46691961109793695,0.19065686506995494,0.09651410955655679,0.04647853924590942,0.017548019919373964,0.006639791320844202
1225,4217,4216,0.5332068311195446,0.4667931688804554,0.19070208728652752,0.09653700189753321,0.046489563567362426,0.017552182163187855,0.006641366223908918
1226,4216,4215,0.5330960854092527,0.4669039145907473,0.19074733096085408,0.09655990510083037,0.0465005931198102,0.017556346381969158,0.0066429418742586
1227,4215,4214,0.5329852871381111,0.46701471286188895,0.19079259610821073,0.0965828191741813,0.046511627906976744,0.017560512577123873,0.006644518272425249
1228,4214,4213,0.5328744362686921,0.46712556373130787,0.19083788274388797,0.09660574412532637,0.046522667932589606,0.01756468075005934,0.006646095418941372
1229,4213,4212,0.5330009496676164,0.46699905033238365,0.1908831908831909,0.0966286799620133,0.04653371320037987,0.017568850902184234,0.006647673314339981
1230,4212,4211,0.5328900498693897,0.4671099501306103,0.19092852054143908,0.09665162669199714,0.046544763714082164,0.017573023034908573,0.006649251959154595
1231,4211,4210,0.5327790973871734,0.4672209026128266,0.19097387173396674,0.09667458432304038,0.04655581947743468,0.017577197149643706,0.00665083135391924
1232,4210,4209,0.5329056783083868,0.4670943216916132,0.1907816583511523,0.0966975528629128,0.04656688049417914,0.017581373247802328,0.006652411499168448
1233,4209,4208,0.5327946768060836,0.46720532319391633,0.19082699619771862,0.09672053231939164,0.04657794676806084,0.01758555133079848,0.006653992395437262
1234,4208,4207,0.5329213216068457,0.46707867839315426,0.19087235559781318,0.09674352270026147,0.04658901830282862,0.01758973140004754,0.0066555740432612314
1235,4207,4206,0.5328102710413695,0.46718972895863053,0.19091773656680933,0.09676652401331431,0.0466000951022349,0.01759391345696624,0.006657156443176415
1236,4206,4205,0.5326991676575505,0.46730083234244946,0.19096313912009513,0.09678953626634959,0.04661117717003567,0.017598097502972653,0.006658739595719381
1237,4205,4204,0.532825880114177,0.467174119885823,0.19100856327307325,0.09681255946717413,0.046622264509990484,0.017602283539486202,0.006660323501427212
1238,4204,4203,0.5329526528669998,0.4670473471330002,0.1908160837497026,0.09659766833214371,0.04663335712586248,0.017606471567927672,0.006661908160837497
1239,4203,4202,0.5330794859590671,0.4669205140409329,0.19062351261304142,0.09638267491670632,0.046406473108043786,0.017610661589719183,0.006663493574488339
1240,4202,4201,0.5332063794334683,0.4667936205665318,0.19043084979766722,0.09640561771006903,0.04641751963818139,0.017614853606284217,0.006665079742918353
1241,4201,4200,0.5330952380952381,0.4669047619047619,0.19047619047619047,0.09642857142857143,0.04642857142857143,0.017619047619047618,0.006666666666666667
1242,4200,4199,0.5329840438199571,0.4670159561800429,0.1905215527506549,0.09645153608001905,0.04643962848297214,0.01762324362943558,0.006668254346272922
1243,4199,4198,0.5328727965697951,0.46712720343020486,0.19056693663649357,0.09647451167222487,0.04645069080514531,0.017627441638875654,0.006669842782277275
1244,4198,4197,0.5327614963068859,0.46723850369311415,0.19061234214915415,0.09649749821300929,0.04646175839885633,0.01763164164879676,0.006671431975220395
1245,4197,4196,0.5328884652049571,0.4671115347950429,0.19041944709246902,0.09628217349857007,0.046472831267874166,0.01763584366062917,0.00667302192564347
1246,4196,4195,0.533015494636472,0.46698450536352804,0.1902264600715137,0.09630512514898688,0.04648390941597139,0.01764004767580453,0.0066746126340882
1247,4195,4194,0.5331425846447305,0.4668574153552694,0.19027181688125894,0.09632808774439676,0.046494992846924176,0.01764425369575584,0.006676204101096805
1248,4194,4193,0.5332697352730742,0.4667302647269258,0.19031719532554256,0.09635106129263057,0.04650608156451228,0.01764846172191748,0.00667779632721202
1249,4193,4192,0.5333969465648855,0.4666030534351145,0.19036259541984732,0.09637404580152671,0.04651717557251908,0.017652671755725192,0.006679389312977099
1250,4192,4191,0.5332856120257695,0.4667143879742305,0.19040801717967074,0.09639704127893105,0.046528274874731566,0.01765688379861608,0.006680983058935815
1251,4191,4190,0.5334128878281623,0.4665871121718377,0.19045346062052507,0.0964200477326969,0.046539379474940336,0.01766109785202864,0.006682577565632458
1252,4190,4189,0.5333015039388875,0.4666984960611124,0.19049892575793745,0.09644306517068513,0.046550489376939605,0.01766531391740272,0.0066841728336118405
1253,4189,4188,0.5331900668576887,0.46680993314231134,0.19054441260744986,0.0964660936007641,0.04656160458452722,0.01766953199617956,0.0066857688634192934
1254,4188,4187,0.5333174110341533,0.4666825889658467,0.19058992118461907,0.09648913303080965,0.046572725101504654,0.017673752089801768,0.006687365655600669
1255,4187,4186,0.5332059245102724,0.4667940754897277,0.19063545150501673,0.0965121834687052,0.046583850931677016,0.017677974199713332,0.006688963210702341
1256,4186,4185,0.5333333333333333,0.4666666666666667,0.190442054958184,0.0962962962962963,0.04635603345280764,0.017682198327359618,0.006690561529271207
1257,4185,4184,0.5332217973231358,0.46677820267686426,0.19048757170172084,0.09631931166347993,0.046367112810707455,0.01768642447418738,0.006692160611854685
1258,4184,4183,0.5333492708582357,0.4666507291417643,0.1905331102079847,0.09634233803490318,0.04637819746593354,0.017690652641644752,0.006693760459000717
1259,4183,4182,0.5332376853180296,0.4667623146819703,0.19057867049258728,0.09636537541846006,0.046389287422285985,0.017694882831181254,0.006695361071257772
1260,4182,4181,0.5331260464003826,0.4668739535996173,0.19062425257115523,0.09638842382205214,0.046400382683568525,0.017699115044247787,0.006696962449174839
1261,4181,4180,0.5332535885167464,0.4667464114832536,0.19066985645933016,0.09641148325358852,0.046411483253588515,0.01770334928229665,0.0066985645933014355
1262,4180,4179,0.533381191672649,0.46661880832735103,0.19047619047619047,0.09619526202440776,0.046183297439578844,0.017707585546781528,0.006700167504187605
1263,4179,4178,0.5335088559119195,0.4664911440880804,0.19028243178554333,0.09597893729056965,0.04595500239348971,0.01771182383915749,0.006701771182383916
1264,4178,4177,0.5333971750059852,0.46660282499401484,0.19032798659324873,0.09600191525017955,0.045966004309312906,0.017716064160881013,0.006703375628441465
1265,4177,4176,0.5332854406130269,0.4667145593869732,0.1903735632183908,0.09602490421455939,0.04597701149425287,0.017720306513409962,0.006704980842911878
1266,4176,4175,0.5334131736526946,0.4665868263473054,0.19041916167664671,0.09604790419161677,0.04598802395209581,0.017724550898203593,0.006706586826347305
1267,4175,4174,0.5333013895543843,0.4666986104456157,0.19046478198370867,0.09607091518926689,0.04599904168663153,0.01772879731672257,0.006708193579300431
1268,4174,4173,0.5331895518811407,0.46681044811885936,0.19051042415528396,0.09609393721543254,0.04601006470165349,0.01773304577042895,0.006709801102324467
1269,4173,4172,0.5333173537871524,0.46668264621284755,0.19031639501438158,0.09587727708533078,0.04578139980824544,0.017737296260786194,0.006711409395973154
1270,4172,4171,0.5334452169743467,0.46655478302565334,0.1903620234955646,0.09590026372572524,0.045792375929033804,0.01774154878925917,0.006713018460800768
1271,4171,4170,0.5335731414868106,0.46642685851318944,0.19040767386091126,0.09592326139088729,0.04580335731414868,0.017745803357314148,0.00671462829736211
1272,4170,4169,0.5334612616934516,0.46653873830654835,0.19045334612616935,0.0959462700887503,0.04581434396737827,0.017750059966418805,0.006716238906212521
1273,4169,4168,0.5333493282149712,0.4666506717850288,0.19049904030710174,0.09596928982725528,0.0458253358925144,0.017754318618042227,0.0067178502879078695
1274,4168,4167,0.5334773218142549,0.46652267818574517,0.19054475641948643,0.09599232061435085,0.045836333093352534,0.017758579313654908,0.00671946244300456
1275,4167,4166,0.5336053768602976,0.46639462313970237,0.19059049447911666,0.09601536245799328,0.04584733557369179,0.017762842054728757,0.00672107537205953
1276,4166,4165,0.5334933973589436,0.4665066026410564,0.19063625450180072,0.09603841536614646,0.045858343337334934,0.017767106842737093,0.0067226890756302525
1277,4165,4164,0.5333813640730067,0.46661863592699326,0.19068203650336216,0.09606147934678194,0.045869356388088374,0.01777137367915466,0.0067243035542747355
1278,4164,4163,0.5335094883497478,0.46649051165025224,0.19072784049963967,0.09608455440787893,0.04588037472976219,0.017775642565457602,0.006725918808551525
1279,4163,4162,0.5333974050937049,0.4666025949062951,0.19077366650648728,0.09610764055742431,0.04589139836617011,0.0177799135031235,0.006727534839019702
1280,4162,4161,0.5335255948089401,0.4664744051910598,0.19081951453977408,0.09613073780341264,0.045902427301129534,0.017784186493631338,0.0067291516462388845
1281,4161,4160,0.5336538461538461,0.46634615384615385,0.1908653846153846,0.09615384615384616,0.04591346153846154,0.017788461538461538,0.006730769230769231
1282,4160,4159,0.5337821591728781,0.4662178408271219,0.19067083433517673,0.09593652320269296,0.045924501081990865,0.017792738639095935,0.006732387593171436
1283,4159,4158,0.5336700336700336,0.4663299663299663,0.19071669071669073,0.09595959595959595,0.045935545935545934,0.017797017797017797,0.006734006734006734
1284,4158,4157,0.5337984123165744,0.46620158768342557,0.19076256916045226,0.09598267981717584,0.04594659610295886,0.017801299013711813,0.006735626653836902
1285,4157,4156,0.5336862367661213,0.46631376323387874,0.1908084696823869,0.09600577478344562,0.045957651588065446,0.0178055822906641,0.006737247353224254
1286,4156,4155,0.5335740072202166,0.4664259927797834,0.19085439229843562,0.096028880866426,0.04596871239470517,0.017809867629362215,0.006738868832731649
1287,4155,4154,0.5334617236398652,0.4665382763601348,0.19090033702455464,0.0960519980741454,0.045979778526721235,0.01781415503129514,0.006740491092922484
1288,4154,4153,0.5335901757765471,0.46640982422345295,0.19070551408620273,0.09607512641464001,0.04599084998796051,0.017818444497953285,0.006742114134360703
1289,4153,4152,0.5337186897880539,0.4662813102119461,0.19051059730250483,0.09585741811175337,0.04576107899807322,0.01758188824662813,0.00674373795761079
1290,4152,4151,0.5336063599132739,0.46639364008672607,0.1905564924114671,0.09588051072030836,0.0457721031076849,0.017586123825584197,0.006745362563237774
1291,4151,4150,0.5337349397590362,0.46626506024096387,0.1906024096385542,0.09590361445783133,0.04578313253012048,0.01759036144578313,0.006746987951807229
1292,4150,4149,0.5336225596529284,0.46637744034707157,0.19064834899975897,0.09592672933236925,0.045794167269221496,0.017594601108700893,0.006748614123885274
1293,4149,4148,0.53351012536162,0.46648987463837993,0.19069431051108968,0.09594985535197685,0.04580520732883317,0.01759884281581485,0.006750241080038573
1294,4148,4147,0.5333976368459127,0.4666023631540873,0.19074029418857005,0.09597299252471667,0.045816252712804435,0.01760308656860381,0.006751868820834338
1295,4147,4146,0.5332850940665702,0.4667149059334298,0.19078630004823927,0.09599614085865894,0.04582730342498794,0.017607332368547998,0.006753497346840328
1296,4146,4145,0.5331724969843185,0.46682750301568154,0.190832328106152,0.09601930036188179,0.045838359469240045,0.01761158021712907,0.006755126658624849
1297,4145,4144,0.5330598455598455,0.46694015444015446,0.19087837837837837,0.09604247104247104,0.04584942084942085,0.017615830115830115,0.006756756756756757
1298,4144,4143,0.5329471397538016,0.4670528602461984,0.1909244508810041,0.0960656529085204,0.04586048756939416,0.01762008206613565,0.006758387641805455
1299,4143,4142,0.5330758087880251,0.46692419121197487,0.1907291163689039,0.09584741670690487,0.045871559633027525,0.017624336069531628,0.006760019314340898
1300,4142,4141,0.5329630524028013,0.46703694759719877,0.19077517507848346,0.0958705626660227,0.04588263704419222,0.017628592127505432,0.006761651774933591
1301,4141,4140,0.5328502415458937,0.4671497584541063,0.19082125603864733,0.09589371980676328,0.04589371980676329,0.017632850241545893,0.00676328502415459
1302,4140,4139,0.5327373761778207,0.46726262382217926,0.19086735926552306,0.09591688813723122,0.04590480792461947,0.01763711041314327,0.0067649190625755015
1303,4139,4138,0.5326244562590623,0.46737554374093765,0.19091348477525374,0.0959400676655389,0.045915901401643304,0.01764137264378927,0.006766553890768487
1304,4138,4137,0.5327532028039642,0.4672467971960358,0.19095963258399806,0.09596325839980663,0.045927000241721055,0.017645636934977036,0.00676818950930626
1305,4137,4136,0.5326402321083172,0.46735976789168276,0.19100580270793036,0.09598646034816248,0.045938104448742745,0.01764990328820116,0.006769825918762089
1306,4136,4135,0.5327690447400242,0.4672309552599758,0.19105199516324062,0.09600967351874244,0.045949214026602174,0.01765417170495768,0.006771463119709794
1307,4135,4134,0.5328979196903725,0.46710208030962747,0.19085631349782292,0.09579100145137881,0.045718432510885344,0.017658442186744075,0.006773101112723754
1308,4134,4133,0.5327849020082265,0.4672150979917735,0.19090249213646263,0.09581417856278732,0.04572949431405759,0.01766271473505928,0.006774739898378902
1309,4133,4132,0.5329138431752178,0.46708615682478216,0.1909486931268151,0.09583736689254599,0.0457405614714424,0.017666989351403678,0.006776379477250726
1310,4132,4131,0.533042846768337,0.46695715323166304,0.19075284434761558,0.09586056644880174,0.0457516339869281,0.01767126603727911,0.006778019849915275
1311,4131,4130,0.5331719128329298,0.4668280871670702,0.1907990314769976,0.09588377723970944,0.04576271186440678,0.017675544794188862,0.006779661016949152
1312,4130,4129,0.5333010414143861,0.46669895858561394,0.19084524097844516,0.09590699927343183,0.04577379510777428,0.017679825623637686,0.006781302978929523
1313,4129,4128,0.533187984496124,0.46681201550387597,0.19089147286821706,0.09593023255813954,0.04578488372093023,0.017684108527131783,0.006782945736434108
1314,4128,4127,0.5330748727889508,0.4669251272110492,0.19093772716258783,0.09595347710201114,0.045795977707778046,0.01768839350617882,0.006784589290041192
1315,4127,4126,0.5332040717401842,0.4667959282598158,0.19074163839069316,0.09597673291323315,0.045807077072224915,0.01769268056228793,0.0067862336403296175
1316,4126,4125,0.5330909090909091,0.4669090909090909,0.19078787878787878,0.096,0.04581818181818182,0.017696969696969697,0.006787878787878788
1317,4125,4124,0.5332201745877788,0.4667798254122211,0.1908341416100873,0.09602327837051407,0.04582929194956353,0.01770126091173618,0.006789524733268671
1318,4124,4123,0.533106960950764,0.466893039049236,0.1908804268736357,0.0960465680329857,0.04584040747028863,0.017705554208100896,0.006791171477079796
1319,4123,4122,0.5329936923823386,0.4670063076176613,0.19092673459485687,0.09606986899563319,0.04585152838427948,0.017709849587578846,0.006792819019893256
1320,4122,4121,0.5331230283911672,0.4668769716088328,0.19097306479009948,0.09609318126668284,0.04586265469546227,0.017714147051686484,0.006794467362290706
1321,4121,4120,0.5330097087378641,0.4669902912621359,0.19101941747572815,0.09611650485436893,0.045873786407766994,0.01771844660194175,0.006796116504854369
1322,4120,4119,0.5331391114348143,0.4668608885651857,0.19106579266812332,0.09613983976693372,0.045884923525127456,0.017722748239864045,0.006797766448167031
1323,4119,4118,0.5332685769791161,0.46673142302088394,0.1911121903836814,0.0961631860126275,0.045896066051481305,0.017727051966974258,0.006799417192812044
1324,4118,4117,0.533155210104445,0.466844789895555,0.19115861063881467,0.09618654359970853,0.045907213990769975,0.017731357784794753,0.00680106873937333
1325,4117,4116,0.533284742468416,0.46671525753158405,0.1912050534499514,0.09620991253644315,0.04591836734693878,0.017735665694849367,0.006802721088435374
1326,4116,4115,0.5331713244228432,0.46682867557715674,0.19125151883353583,0.09623329283110571,0.04592952612393682,0.017739975698663427,0.006804374240583232
1327,4115,4114,0.5330578512396694,0.4669421487603306,0.1912980068060282,0.0962566844919786,0.045940690325717064,0.017744287797763734,0.006806028196402528
1328,4114,4113,0.5329443228786773,0.4670556771213226,0.1913445173839047,0.0962800875273523,0.045951859956236324,0.01774860199367858,0.006807682956479455
1329,4113,4112,0.5328307392996109,0.4671692607003891,0.19139105058365757,0.0963035019455253,0.045963035019455256,0.017752918287937743,0.006809338521400778
1330,4112,4111,0.5327171004621747,0.46728289953782537,0.1914376064217952,0.09632692775480418,0.04597421551933836,0.017757236682072488,0.006810994891753831
1331,4111,4110,0.5326034063260341,0.4673965936739659,0.19148418491484184,0.09635036496350365,0.04598540145985401,0.017761557177615572,0.006812652068126521
1332,4110,4109,0.5327330250669262,0.46726697493307373,0.19128741786322706,0.09613044536383548,0.04575322462886347,0.01776587977610124,0.0068143100511073255
1333,4109,4108,0.5326192794547225,0.4673807205452775,0.19133398247322297,0.09615384615384616,0.045764362220058426,0.01777020447906524,0.006815968841285297
1334,4108,4107,0.5327489651813976,0.46725103481860236,0.19113708302897492,0.09593377160944729,0.045775505234964695,0.017774531288044803,0.006817628439250061
1335,4107,4106,0.5328787140769605,0.4671212859230395,0.19094008767657086,0.09571358986848515,0.04578665367754506,0.017778860204578667,0.006819288845591817
1336,4106,4105,0.5327649208282582,0.4672350791717418,0.1909866017052375,0.09573690621193666,0.045797807551766136,0.017783191230207065,0.00682095006090134
1337,4105,4104,0.5328947368421053,0.46710526315789475,0.19103313840155944,0.09576023391812866,0.04580896686159844,0.017787524366471734,0.00682261208576998
1338,4104,4103,0.5327808920302218,0.4672191079697782,0.19107969778211065,0.09578357299536924,0.04582013161101633,0.017791859614915913,0.006824274920789666
1339,4103,4102,0.5329107752315944,0.46708922476840564,0.19112627986348124,0.09580692345197464,0.04583130180399805,0.017796196977084348,0.006825938566552901
1340,4102,4101,0.5330407217751768,0.4669592782248232,0.1911728846622775,0.0958302852962692,0.04584247744452573,0.017800536454523286,0.006827603023652768
1341,4101,4100,0.5331707317073171,0.46682926829268295,0.19121951219512195,0.09585365853658537,0.045853658536585365,0.017804878048780486,0.006829268292682927
1342,4100,4099,0.5330568431324714,0.4669431568675287,0.19126616247865333,0.09587704318126372,0.04586484508416687,0.01780922176140522,0.006830934374237619
1343,4099,4098,0.5329428989751098,0.4670571010248902,0.1913128355295266,0.095900439238653,0.04587603709126403,0.017813567593948268,0.006832601268911664
1344,4098,4097,0.5330729802294362,0.46692701977056383,0.19135953136441297,0.09592384671711009,0.04588723456187454,0.017817915547961923,0.006834268977300464
1345,4097,4096,0.533203125,0.466796875,0.19140625,0.095947265625,0.0458984375,0.017822265625,0.0068359375
1346,4096,4095,0.5330891330891331,0.4669108669108669,0.19145299145299147,0.09597069597069598,0.04590964590964591,0.017826617826617826,0.006837606837606838
1347,4095,4094,0.533219345383488,0.46678065461651197,0.19149975574010747,0.09599413776257938,0.04592085979482169,0.01783097215437225,0.006839276990718124
1348,4094,4093,0.533105301734669,0.46689469826533103,0.19154654287808454,0.09601759100903982,0.04593207915954068,0.017835328609821646,0.006840947959931591
1349,4093,4092,0.5332355816226784,0.4667644183773216,0.19134897360703812,0.09579667644183773,0.04594330400782014,0.017839687194525906,0.006842619745845552
1350,4092,4091,0.5331214861891957,0.4668785138108042,0.1913957467611831,0.09582009288682473,0.04595453434368125,0.017844047910046443,0.0068442923490589095
1351,4091,4090,0.5332518337408313,0.4667481662591687,0.19144254278728606,0.0958435207823961,0.045965770171149146,0.01784841075794621,0.006845965770171149
1352,4090,4089,0.5333822450476889,0.46661775495231106,0.19148936170212766,0.0958669601369528,0.04597701149425287,0.01785277573978968,0.006847640009782343
1353,4089,4088,0.5332681017612525,0.46673189823874756,0.1915362035225049,0.0958904109589041,0.04598825831702544,0.017857142857142856,0.00684931506849315
1354,4088,4087,0.533398580866161,0.466601419133839,0.1913383900171275,0.09566919500856375,0.04575483239540005,0.017616833863469537,0.0066063126988010765
1355,4087,4086,0.5332843857072932,0.4667156142927068,0.19138521781693588,0.09569260890846794,0.045766030347528144,0.01762114537444934,0.006607929515418502
1356,4086,4085,0.5334149326805385,0.4665850673194614,0.19118727050183598,0.09547123623011015,0.04577723378212974,0.01762545899632803,0.006609547123623011
1357,4085,4084,0.5335455435847208,0.46645445641527916,0.19123408423114593,0.09549461312438785,0.045788442703232124,0.01762977473065622,0.006611165523996082
1358,4084,4083,0.5334313005143277,0.4665686994856723,0.19128092089150134,0.09551800146950772,0.04579965711486652,0.01763409257898604,0.006612784717119765
1359,4083,4082,0.5333170014698677,0.4666829985301323,0.19132778049975502,0.09554140127388536,0.045810877021068105,0.017638412542871143,0.006614404703576678
1360,4082,4081,0.5332026464101935,0.4667973535898064,0.19137466307277629,0.09556481254594462,0.04582210242587601,0.017642734623866698,0.006616025483950012
1361,4081,4080,0.5333333333333333,0.4666666666666667,0.191421568627451,0.09558823529411764,0.04583333333333333,0.01764705882352941,0.006617647058823529
1362,4080,4079,0.5332189262074037,0.4667810737925962,0.19146849718068154,0.09561166952684481,0.04584456974748713,0.017651385143417506,0.006619269428781564
1363,4079,4078,0.5331044629720452,0.4668955370279549,0.19151544874938695,0.09563511525257479,0.045855811672388426,0.01765571358509073,0.006620892594409024
1364,4078,4077,0.5329899435859701,0.46701005641402993,0.19156242335050283,0.09565857247976453,0.045867059112092226,0.017660044150110375,0.006622516556291391
1365,4077,4076,0.5328753680078508,0.46712463199214915,0.19160942100098136,0.09568204121687929,0.045878312070657505,0.017664376840039256,0.00662414131501472
1366,4076,4075,0.5330061349693251,0.46699386503067486,0.19165644171779142,0.09570552147239264,0.04588957055214724,0.017668711656441717,0.006625766871165644
1367,4075,4074,0.5328915071183112,0.46710849288168876,0.19170348551791852,0.09572901325478646,0.04590083456062838,0.017673048600883652,0.0066273932253313695
1368,4074,4073,0.5330223422538669,0.4669776577461331,0.19175055241836483,0.09575251657255095,0.045912104100171866,0.01767738767493248,0.006629020378099681
1369,4073,4072,0.5329076620825147,0.4670923379174853,0.1917976424361493,0.09577603143418467,0.045923379174852653,0.01768172888015717,0.006630648330058939
1370,4072,4071,0.5327929255711128,0.46720707442888726,0.19184475558830755,0.09579955784819455,0.04593465978874969,0.017686072218128224,0.006632277081798084
1371,4071,4070,0.5329238329238329,0.46707616707616706,0.19164619164619165,0.09582309582309582,0.04594594594594595,0.01769041769041769,0.006633906633906634
1372,4070,4069,0.5328090439911526,0.46719095600884736,0.19169329073482427,0.09584664536741214,0.045957237650528386,0.017694765298599164,0.006635536986974687
1373,4069,4068,0.5329400196656834,0.4670599803343166,0.19174041297935104,0.09587020648967552,0.045968534906588004,0.017699115044247787,0.00663716814159292
1374,4068,4067,0.5330710597492009,0.4669289402507991,0.19178755839685271,0.09589377919842636,0.04597983771821982,0.017703466928940252,0.006638800098352594
1375,4067,4066,0.5329562223315297,0.4670437776684702,0.19183472700442694,0.09591736350221347,0.04599114608952287,0.017707820954254796,0.006640432857845549
1376,4066,4065,0.5328413284132841,0.46715867158671587,0.1918819188191882,0.0959409594095941,0.04600246002460025,0.017712177121771217,0.006642066420664207
1377,4065,4064,0.5329724409448819,0.4670275590551181,0.1919291338582677,0.09596456692913385,0.04601377952755906,0.017716535433070866,0.006643700787401575
1378,4064,4063,0.5328574944622201,0.46714250553778,0.1919763721388137,0.09598818606940684,0.04602510460251046,0.01772089588973665,0.006645335958651243
1379,4063,4062,0.5327424913835549,0.4672575086164451,0.19202363367799113,0.09601181683899557,0.04603643525356967,0.01772525849335303,0.0066469719350073855
1380,4062,4061,0.532627431667077,0.4673725683329229,0.19207091849298202,0.09603545924649101,0.04604777148485595,0.017729623245506032,0.006648608717064762
1381,4061,4060,0.532512315270936,0.46748768472906405,0.1921182266009852,0.0960591133004926,0.04605911330049261,0.017733990147783252,0.006650246305418719
1382,4060,4059,0.5323971421532397,0.4676028578467603,0.19216555801921656,0.09608277900960828,0.04607046070460705,0.017738359201773836,0.0066518847006651885
1383,4059,4058,0.5322819122720552,0.4677180877279448,0.19221291276490882,0.09610645638245441,0.04608181370133071,0.017742730409068506,0.00665352390340069
1384,4058,4057,0.532166625585408,0.46783337441459205,0.1922602908553118,0.0961301454276559,0.04609317229479911,0.017747103771259553,0.006655163914222332
1385,4057,4056,0.532051282051282,0.46794871794871795,0.19230769230769232,0.09615384615384616,0.04610453648915187,0.01775147928994083,0.006656804733727811
1386,4056,4055,0.5321824907521578,0.46781750924784216,0.19235511713933415,0.09617755856966707,0.046115906288532675,0.01775585696670777,0.006658446362515413
1387,4055,4054,0.5323137641835225,0.46768623581647756,0.19240256536753825,0.09620128268376912,0.046127281697089295,0.017760236803157376,0.006660088801184016
1388,4054,4053,0.5321983715766099,0.46780162842339007,0.19245003700962252,0.09622501850481126,0.0461386627189736,0.01776461880088823,0.006661732050333087
1389,4053,4052,0.532329713721619,0.46767028627838103,0.192497532082922,0.096248766041461,0.046150049358341556,0.017769002961500493,0.006663376110562685
1390,4052,4051,0.532214268081955,0.4677857319180449,0.19254505060478894,0.09627252530239447,0.04616144161935325,0.017773389286595904,0.0066650209824734635
1391,4051,4050,0.5320987654320988,0.4679012345679012,0.1925925925925926,0.0962962962962963,0.04617283950617284,0.017777777777777778,0.006666666666666667
1392,4050,4049,0.53223018029143,0.46776981970857,0.19264015806371942,0.09632007903185971,0.046184243022968634,0.017782168436651025,0.006668313163744134
1393,4049,4048,0.5321146245059288,0.46788537549407117,0.19268774703557312,0.09634387351778656,0.04619565217391304,0.017786561264822136,0.0066699604743083
1394,4048,4047,0.5322461082283173,0.46775389177168275,0.19248826291079812,0.09612058314801088,0.04595997034840623,0.017543859649122806,0.006424511984185817
1395,4047,4046,0.532377656945131,0.467622343054869,0.19228868017795353,0.09589718240237272,0.04572417202174987,0.01730103806228374,0.006426099851705388
1396,4046,4045,0.5322620519159457,0.4677379480840544,0.192336217552534,0.09592088998763906,0.04573547589616811,0.0173053152039555,0.006427688504326329
1397,4045,4044,0.5323936696340257,0.46760633036597427,0.19213649851632048,0.0956973293768546,0.045746785361028684,0.01730959446092977,0.006429277942631058
1398,4044,4043,0.5322780113776898,0.4677219886223102,0.19218402176601534,0.09572099925797675,0.04575810042047984,0.017313875834776157,0.006430868167202572
1399,4043,4042,0.5324096981692231,0.4675903018307768,0.19198416625432954,0.09574468085106383,0.045769421078673926,0.017318159327065808,0.006432459178624443
1400,4042,4041,0.532293986636971,0.46770601336302897,0.19203167532788915,0.0957683741648107,0.045780747339767384,0.01732244493937144,0.006434050977480821
1401,4041,4040,0.5321782178217822,0.46782178217821785,0.19207920792079208,0.0957920792079208,0.04579207920792079,0.017326732673267328,0.006435643564356435
1402,4040,4039,0.5323099777172567,0.46769002228274326,0.19187917801436,0.09581579598910621,0.045803416687298835,0.01733102253032929,0.006437236939836593
1403,4039,4038,0.5324418028727093,0.46755819712729074,0.1919266963843487,0.09583952451708767,0.04581475978207033,0.01733531451213472,0.0064388311045071814
1404,4038,4037,0.5323259846420609,0.46767401535793907,0.19197423829576418,0.0958632648005945,0.045826108496408224,0.01733960862026257,0.006440426058954669
1405,4037,4036,0.5322101090188305,0.46778989098116946,0.19202180376610506,0.09588701684836472,0.04583746283448959,0.01734390485629336,0.006442021803766105
1406,4036,4035,0.5320941759603469,0.46790582403965303,0.19206939281288724,0.09591078066914498,0.04584882280049566,0.01734820322180917,0.00644361833952912
1407,4035,4034,0.5322260783341597,0.46777392166584036,0.19186911254338126,0.09568666336142786,0.0458601883986118,0.017352503718393655,0.006445215666831929
1408,4034,4033,0.5321100917431193,0.46788990825688076,0.19191668732953138,0.09571038928837095,0.045871559633027525,0.017356806347632037,0.006446813786263328
1409,4033,4032,0.5319940476190477,0.4680059523809524,0.19196428571428573,0.09573412698412699,0.045882936507936505,0.017361111111111112,0.006448412698412698
1410,4032,4031,0.5321260233192756,0.4678739766807244,0.19201190771520715,0.09575787645745473,0.045894319027536594,0.01736541801041925,0.0064500124038700075
1411,4031,4030,0.5320099255583126,0.46799007444168733,0.19205955334987593,0.09578163771712159,0.04590570719602978,0.017369727047146403,0.0064516129032258064
1412,4030,4029,0.5321419707123356,0.46785802928766446,0.1921072226358898,0.0958054107719037,0.04591710101762224,0.01737403822288409,0.006453214197071234
1413,4029,4028,0.532025819265144,0.467974180734856,0.19215491559086395,0.0958291956305859,0.04592850049652433,0.01737835153922542,0.006454816285998014
1414,4028,4027,0.5319096101316116,0.46809038986838836,0.1922026322324311,0.09585299230196176,0.045939905636950586,0.017382666997765087,0.00645641917059846
1415,4027,4026,0.5317933432687532,0.4682066567312469,0.19225037257824143,0.09587680079483359,0.04595131644311972,0.017386984600099353,0.006458022851465474
1416,4026,4025,0.5319254658385093,0.4680745341614907,0.1920496894409938,0.09590062111801242,0.04596273291925466,0.017391304347826087,0.006459627329192546
1417,4025,4024,0.5320576540755467,0.4679423459244533,0.1918489065606362,0.0959244532803181,0.0459741550695825,0.01739562624254473,0.0064612326043737576
1418,4024,4023,0.5319413373104648,0.46805866268953517,0.19189659458115835,0.09594829729057917,0.04598558289833458,0.017399950285856326,0.006462838677603778
1419,4023,4022,0.5318249627051218,0.4681750372948782,0.19194430631526604,0.09597215315763302,0.0459970164097464,0.0174042764793635,0.006464445549477871
1420,4022,4021,0.5319572245710023,0.46804277542899775,0.19199204178065157,0.09599602089032579,0.0460084556080577,0.01740860482467048,0.006466053220591892
1421,4021,4020,0.5320895522388059,0.467910447761194,0.19203980099502488,0.09601990049751244,0.046019900497512436,0.017412935323383085,0.006467661691542288
1422,4020,4019,0.5322219457576511,0.46777805424234886,0.19208758397611347,0.09604379198805674,0.0460313510823588,0.017417267977108734,0.006469270962926101
1423,4019,4018,0.532105525136884,0.46789447486311597,0.19213539074166253,0.09606769537083126,0.04604280736684918,0.017421602787456445,0.006470881035340966
1424,4018,4017,0.5319890465521534,0.46801095344784666,0.1921832213094349,0.09609161065471745,0.04605426935524023,0.017425939756036842,0.006472491909385114
1425,4017,4016,0.5321215139442231,0.46787848605577687,0.1919820717131474,0.09586653386454183,0.04606573705179283,0.01743027888446215,0.006474103585657371
1426,4016,4015,0.5322540473225404,0.46774595267745955,0.19202988792029888,0.0958904109589041,0.0460772104607721,0.017434620174346202,0.006475716064757161
1427,4015,4014,0.5321375186846039,0.4678624813153961,0.1920777279521674,0.09591429995017439,0.046088689586447434,0.017438963627304436,0.0064773293472845045
1428,4014,4013,0.5320209319710939,0.46797906802890604,0.19212559182656366,0.09593820084724645,0.04610017443309245,0.0174433092449539,0.00647894343384002
1429,4013,4012,0.5319042871385843,0.46809571286141577,0.19217347956131606,0.09596211365902294,0.04611166500498504,0.01744765702891326,0.006480558325024925
1430,4012,4011,0.531787584143605,0.4682124158563949,0.19222139117427076,0.09598603839441536,0.04612316130640738,0.017452006980802792,0.006482174021441037
1431,4011,4010,0.5319201995012469,0.46807980049875314,0.19226932668329177,0.09600997506234414,0.046134663341645885,0.017456359102244388,0.006483790523690773
1432,4010,4009,0.5320528810177102,0.46794711898228986,0.19206784734347718,0.09603392367173859,0.046146171114991266,0.017460713394861563,0.006485407832377151
1433,4009,4008,0.532185628742515,0.46781437125748504,0.19211576846307385,0.09605788423153692,0.04615768463073852,0.01746506986027944,0.006487025948103792
1434,4008,4007,0.5323184427252309,0.4676815572747692,0.1919141502370851,0.0958322934863988,0.046169203893186926,0.01746942850012478,0.006488644871474919
1435,4007,4006,0.5324513230154768,0.46754867698452324,0.19171243135297053,0.09585621567648527,0.04618072890664004,0.017473789316025962,0.006490264603095357
1436,4006,4005,0.5325842696629214,0.46741573033707867,0.19176029962546817,0.09588014981273409,0.046192259675405745,0.017478152309612985,0.006491885143570537
1437,4005,4004,0.5324675324675324,0.4675324675324675,0.1918081918081918,0.0959040959040959,0.0462037962037962,0.017482517482517484,0.006493506493506494
1438,4004,4003,0.5323507369472895,0.4676492630527105,0.19185610791906071,0.09592805395953036,0.046215338496127904,0.01748688483637272,0.006495128653509868
1439,4003,4002,0.5322338830584707,0.46776611694152925,0.191904047976012,0.095952023988006,0.046226886556721636,0.017491254372813594,0.006496751624187906
1440,4002,4001,0.5323669082729318,0.46763309172706824,0.19195201199700074,0.09597600599850037,0.046238440389902526,0.01749562609347663,0.006498375406148463
1441,4001,4000,0.53225,0.46775,0.192,0.096,0.04625,0.0175,0.0065
1442,4000,3999,0.5323830957739435,0.4676169042260565,0.19204801200300076,0.09602400600150038,0.046261565391347834,0.017504376094023506,0.006501625406351588
1443,3999,3998,0.5325162581290646,0.46748374187093544,0.19184592296148073,0.096048024012006,0.04627313656828414,0.017508754377188594,0.0065032516258129065
1444,3998,3997,0.5326494871153366,0.4673505128846635,0.1916437327995997,0.09582186639979985,0.046034525894420815,0.017513134851138354,0.006504878658994246
1445,3997,3996,0.5325325325325325,0.4674674674674675,0.1916916916916917,0.09584584584584585,0.04604604604604605,0.017517517517517518,0.0065065065065065065
1446,3996,3995,0.5326658322903629,0.46733416770963704,0.19173967459324157,0.09586983729662078,0.0460575719649562,0.017521902377972465,0.006508135168961202
1447,3995,3994,0.5327991987981973,0.4672008012018027,0.19178768152228343,0.09589384076114171,0.04606910365548322,0.017526289434151226,0.006509764646970456
1448,3994,3993,0.5329326321061858,0.4670673678938142,0.19158527422990232,0.09566741798146756,0.04608064112196344,0.017530678687703482,0.006511394941147007
1449,3993,3992,0.5328156312625251,0.46718436873747493,0.19163326653306614,0.09569138276553106,0.04609218436873747,0.01753507014028056,0.006513026052104208
1450,3992,3991,0.5329491355549988,0.46705086444500127,0.19143071911801554,0.09571535955900777,0.04610373340015034,0.017539463793535454,0.006514657980456026
1451,3991,3990,0.5328320802005012,0.46716791979949873,0.19147869674185464,0.09573934837092732,0.04611528822055138,0.017543859649122806,0.006516290726817042
1452,3990,3989,0.5327149661569316,0.46728503384306846,0.1915266984206568,0.0957633492103284,0.04612684883429431,0.017548257708698924,0.006517924291802457
1453,3989,3988,0.5325977933801405,0.4674022066198596,0.19157472417251756,0.09578736208625878,0.04613841524573721,0.017552657973921765,0.006519558676028084
1454,3988,3987,0.5327313769751693,0.4672686230248307,0.19137195886631553,0.09556057185854025,0.04589917231000752,0.01730624529721595,0.006270378730875345
1455,3987,3986,0.532865027596588,0.46713497240341195,0.1914199698946312,0.09558454591068741,0.04591068740592072,0.01731058705469142,0.006271951831409934
1456,3986,3985,0.5329987452948557,0.4670012547051443,0.19121706398996235,0.09535759096612297,0.04592220828105395,0.017314930991217063,0.006273525721455458
1457,3985,3984,0.5328815261044176,0.4671184738955823,0.19126506024096385,0.09538152610441768,0.04593373493975904,0.017319277108433735,0.006275100401606426
1458,3984,3983,0.5330153150891288,0.4669846849108712,0.1910620135576199,0.09515440622646247,0.04569420035149385,0.017072558373085613,0.006025608837559628
1459,3983,3982,0.5331491712707183,0.46685082872928174,0.19110999497739828,0.0951783023606228,0.045705675539929685,0.017076845806127575,0.006027122049221497
1460,3982,3981,0.5332830946998242,0.46671690530017584,0.1909068073348405,0.09495101733232857,0.04546596332579754,0.016829942225571465,0.005777442853554383
1461,3981,3980,0.5334170854271357,0.4665829145728643,0.19095477386934673,0.0949748743718593,0.04547738693467337,0.016834170854271358,0.005778894472361809
1462,3980,3979,0.5332998240764011,0.4667001759235989,0.1910027645136969,0.09499874340286504,0.04548881628549887,0.016838401608444332,0.005780346820809248
1463,3979,3978,0.5331825037707391,0.46681749622926094,0.1910507792860734,0.09502262443438914,0.04550025138260432,0.016842634489693312,0.0057817998994469585
1464,3978,3977,0.5333165702791048,0.46668342972089516,0.1908473723912497,0.09504651747548404,0.04551169223032436,0.01684686949962283,0.0057832537088257484
1465,3977,3976,0.5334507042253521,0.4665492957746479,0.1908953722334004,0.09507042253521127,0.04552313883299799,0.016851106639839034,0.005784708249496982
1466,3976,3975,0.5333333333333333,0.4666666666666667,0.1909433962264151,0.09509433962264151,0.045534591194968554,0.016855345911949687,0.0057861635220125785
1467,3975,3974,0.533467539003523,0.4665324609964771,0.19099144438852542,0.09511826874685456,0.045546049320583794,0.016859587317564168,0.005787619526925012
1468,3974,3973,0.5336018122325699,0.46639818776743014,0.19103951673798136,0.09514220991693934,0.04555751321419582,0.01686383085829348,0.005789076264787314
1469,3973,3972,0.5337361530715005,0.4662638469284995,0.19108761329305135,0.09516616314199396,0.045568982880161125,0.016868076535750252,0.005790533736153071
1470,3972,3971,0.5336187358348023,0.4663812641651977,0.19113573407202217,0.09519012843112566,0.04558045832284059,0.01687232435154873,0.0057919919415764295
1471,3971,3970,0.5335012594458438,0.4664987405541562,0.191183879093199,0.09521410579345088,0.04559193954659949,0.016876574307304788,0.005793450881612091
1472,3970,3969,0.5336356764928194,0.46636432350718066,0.1912320483749055,0.09523809523809523,0.04560342655580751,0.016880826404635927,0.005794910556815319
1473,3969,3968,0.5337701612903226,0.46622983870967744,0.19102822580645162,0.09526209677419355,0.04561491935483871,0.01688508064516129,0.0057963709677419355
1474,3968,3967,0.5336526342324175,0.46634736576758257,0.19107638013612302,0.09528611041088984,0.04562641794807159,0.01688933703050164,0.005797832114948324
1475,3967,3966,0.5335350479072113,0.4664649520927887,0.19112455874936965,0.09531013615733737,0.04563792233988906,0.016893595562279373,0.005799293998991427
1476,3966,3965,0.5336696090794452,0.46633039092055484,0.19117276166456496,0.09533417402269861,0.04564943253467844,0.016897856242118536,0.005800756620428752
1477,3965,3964,0.5335519677093845,0.46644803229061554,0.19122098890010092,0.09535822401614531,0.04566094853683148,0.016902119071644805,0.005802219979818365
1478,3964,3963,0.5334342669694676,0.46656573303053245,0.1912692404743881,0.09538228614685844,0.045672470350744385,0.01690638405248549,0.0058036840777189
1479,3963,3962,0.5335689045936396,0.4664310954063604,0.19106511862695608,0.09515396264512872,0.04543160020191822,0.01691065118626956,0.005805148914689551
1480,3962,3961,0.5334511486998232,0.4665488513001767,0.19111335521332998,0.09517798535723303,0.045443069931835396,0.01691492047462762,0.005806614491290078
1481,3961,3960,0.5333333333333333,0.4666666666666667,0.19116161616161617,0.0952020202020202,0.045454545454545456,0.01691919191919192,0.005808080808080808
1482,3960,3959,0.5332154584491033,0.4667845415508967,0.19120990149027534,0.09522606718868401,0.04546602677443799,0.016923465521596362,0.005809547865622632
1483,3959,3958,0.5330975240020213,0.4669024759979788,0.19125821121778677,0.09525012632642749,0.045477513895907026,0.016927741283476502,0.005811015664477008
1484,3958,3957,0.5332322466515037,0.46676775334849635,0.19130654536264846,0.09527419762446297,0.045489006823351025,0.01693201920646955,0.005812484205205964
1485,3957,3956,0.5333670374115268,0.4666329625884732,0.19135490394337715,0.09529828109201213,0.0455005055611729,0.01693629929221436,0.005813953488372093
1486,3956,3955,0.5335018963337548,0.4664981036662453,0.19140328697850822,0.09532237673830594,0.045512010113780026,0.016940581542351455,0.005815423514538559
1487,3955,3954,0.5336368234699039,0.4663631765300961,0.19145169448659585,0.09534648457258472,0.04552352048558422,0.016944865958523014,0.005816894284269095
1488,3954,3953,0.533771818871743,0.46622818112825704,0.19124715406020742,0.09511763217809259,0.04528206425499621,0.01694915254237288,0.0058183657981280045
1489,3953,3952,0.5339068825910931,0.4660931174089069,0.19129554655870445,0.0951417004048583,0.045293522267206475,0.01695344129554656,0.005819838056680162
1490,3952,3951,0.5337889141989369,0.466211085801063,0.19134396355353075,0.09516578081498354,0.04530498607947355,0.016957732219691216,0.005821311060491015
1491,3951,3950,0.5339240506329114,0.4660759493670886,0.1911392405063291,0.0949367088607595,0.045063291139240506,0.016962025316455697,0.005822784810126582
1492,3950,3949,0.5338060268422385,0.46619397315776145,0.19118764244112432,0.09496074955684984,0.045074702456318054,0.016966320587490504,0.005824259306153457
1493,3949,3948,0.5339412360688957,0.46605876393110435,0.19123606889564337,0.09498480243161095,0.04508611955420466,0.016970618034447823,0.005825734549138805
1494,3948,3947,0.5338231568279707,0.4661768431720294,0.19128451988852294,0.09500886749429947,0.04509754243729415,0.016974917658981504,0.005827210539650367
1495,3947,3946,0.5339584389254942,0.46604156107450584,0.1910795742524075,0.09477952356817029,0.0451089711099848,0.016979219462747084,0.005828687278256462
1496,3946,3945,0.5338403041825095,0.4661596958174905,0.191128010139417,0.09480354879594423,0.04512040557667934,0.016983523447401776,0.0058301647655259825
1497,3945,3944,0.533975659229209,0.4660243407707911,0.19117647058823528,0.09482758620689655,0.04513184584178499,0.016987829614604464,0.0058316430020283975
1498,3944,3943,0.5341110829317778,0.46588891706822216,0.19097134161805732,0.09485163581029672,0.04514329190971342,0.016992137966015723,0.005833121988333756
1499,3943,3942,0.5339928970065957,0.46600710299340437,0.19101978691019786,0.09487569761542364,0.04515474378488077,0.016996448503297817,0.005834601725012684
1500,3942,3941,0.5338746511037807,0.46612534889621926,0.19106825678761735,0.0948997716315656,0.04516620147170769,0.01700076122811469,0.005836082212636387
1501,3941,3940,0.533756345177665,0.46624365482233504,0.19111675126903555,0.09492385786802031,0.04517766497461929,0.01700507614213198,0.0058375634517766496
1502,3940,3939,0.5336379791825336,0.46636202081746636,0.19116527037319117,0.09494795633409495,0.04518913429804519,0.01700939324701701,0.005839045443005839
1503,3939,3938,0.5335195530726257,0.4664804469273743,0.19121381411884206,0.09497206703910614,0.0452006094464195,0.0170137125444388,0.005840528186896902
1504,3938,3937,0.5336550673101346,0.4663449326898654,0.19100838201676404,0.09499618999237998,0.04521209042418085,0.017018034036068073,0.005842011684023368
1505,3937,3936,0.5335365853658537,0.46646341463414637,0.1910569105691057,0.09502032520325203,0.04522357723577236,0.017022357723577235,0.005843495934959349
1506,3936,3935,0.533418043202033,0.466581956797967,0.19110546378653112,0.09504447268106735,0.045235069885641674,0.017026683608640406,0.005844980940279542
1507,3935,3934,0.5332994407727504,0.4667005592272496,0.19115404168784952,0.09506863243518048,0.045246568378240974,0.0170310116929334,0.005846466700559228
1508,3934,3933,0.5331807780320366,0.4668192219679634,0.19120264429188916,0.09509280447495551,0.045258072718026954,0.01703534197813374,0.005847953216374269
1509,3933,3932,0.5333163784333672,0.46668362156663273,0.19125127161749747,0.09511698880976602,0.045269582909460836,0.01703967446592065,0.005849440488301119
1510,3932,3931,0.5331976596285932,0.4668023403714068,0.1912999236835411,0.09514118544899516,0.045281098957008395,0.01704400915797507,0.005850928516916815
1511,3931,3930,0.5330788804071247,0.4669211195928753,0.19134860050890584,0.09516539440203563,0.04529262086513995,0.017048346055979643,0.0058524173027989825
1512,3930,3929,0.5329600407228302,0.46703995927716974,0.1913973021124968,0.09518961567828964,0.04530414863833036,0.017052685161618734,0.005853906846525834
1513,3929,3928,0.5328411405295316,0.4671588594704684,0.19144602851323828,0.09521384928716904,0.04531568228105906,0.01705702647657841,0.005855397148676171
1514,3928,3927,0.5327221797810033,0.46727782021899666,0.19149477973007384,0.09523809523809523,0.045327221797810034,0.017061370002546473,0.005856888209829387
1515,3927,3926,0.5326031584309731,0.467396841569027,0.19154355578196638,0.09526235354049924,0.04533876719307183,0.01706571574121243,0.0058583800305654615
1516,3926,3925,0.5327388535031847,0.46726114649681527,0.1913375796178344,0.09528662420382165,0.04535031847133758,0.017070063694267515,0.005859872611464968
1517,3925,3924,0.5326197757390418,0.4673802242609582,0.1913863404689093,0.09531090723751275,0.045361875637105,0.017074413863404688,0.005861365953109072
1518,3924,3923,0.5327555442263574,0.4672444557736426,0.1911802192199847,0.09533520265103237,0.04537343869487637,0.017078766250318633,0.005862860056079531
1519,3923,3922,0.5326364099949006,0.4673635900050994,0.19122896481387047,0.09535951045385008,0.04538500764915859,0.017083120856705762,0.005864354920958694
1520,3922,3921,0.5325172149961744,0.46748278500382556,0.19127773527161437,0.09538383065544503,0.04539658250446315,0.01708747768426422,0.005865850548329507
1521,3921,3920,0.5326530612244897,0.4673469387755102,0.1913265306122449,0.09540816326530613,0.045408163265306126,0.017091836734693878,0.00586734693877551
1522,3920,3919,0.5325338096453177,0.46746619035468234,0.1913753508548099,0.09543250829293187,0.04541974993620822,0.01709619800969635,0.005868844092880837
1523,3919,3918,0.532669729453803,0.467330270546197,0.19142419601837674,0.09545686574783052,0.04543134252169474,0.017100561510974988,0.00587034201123022
1524,3918,3917,0.5328057186622415,0.4671942813377585,0.19147306612203216,0.09548123563952005,0.04544294102629563,0.017104927240234873,0.005871840694408987
1525,3917,3916,0.5329417773237998,0.46705822267620023,0.19152196118488254,0.09550561797752809,0.045454545454545456,0.01710929519918284,0.005873340143003065
1526,3916,3915,0.5330779054916986,0.4669220945083014,0.1913154533844189,0.09553001277139209,0.0454661558109834,0.01711366538952746,0.005874840357598978
1527,3915,3914,0.533214103219213,0.4667858967807869,0.1913643331630046,0.09555442003065917,0.045477772100153295,0.01711803781297905,0.005876341338783853
1528,3914,3913,0.5333503705596729,0.4666496294403271,0.19115767952977256,0.09557883976488628,0.04548939432660363,0.01712241247124968,0.005877843087145413
1529,3913,3912,0.5334867075664622,0.46651329243353784,0.19120654396728015,0.09560327198364008,0.04550102249488753,0.01712678936605317,0.005879345603271984
1530,3912,3911,0.5333674252109435,0.4666325747890565,0.1912554333929941,0.09562771669649706,0.045512656609562774,0.01713116849910509,0.005880848887752493
1531,3911,3910,0.5335038363171356,0.46649616368286445,0.19104859335038363,0.09565217391304348,0.04552429667519182,0.017135549872122763,0.0058823529411764705
1532,3910,3909,0.5336403172166795,0.4663596827833205,0.19084164748017396,0.09567664364287541,0.04553594269634178,0.017139933486825274,0.00588385776413405
1533,3909,3908,0.5335209825997953,0.4664790174002047,0.19089048106448311,0.09570112589559877,0.045547594677584444,0.01714431934493347,0.005885363357215967
1534,3908,3907,0.5334015868953161,0.4665984131046839,0.1909393396467878,0.09572562068082928,0.04555925262349629,0.01714870744816995,0.005886869721013565
1535,3907,3906,0.5332821300563236,0.4667178699436764,0.19098822324628775,0.09575012800819252,0.045570916538658475,0.01715309779825909,0.005888376856118792
1536,3906,3905,0.5334186939820743,0.46658130601792575,0.1910371318822023,0.09577464788732394,0.04558258642765685,0.017157490396927016,0.0058898847631242
1537,3905,3904,0.5332991803278688,0.4667008196721312,0.1910860655737705,0.09579918032786885,0.04559426229508197,0.01716188524590164,0.00589139344262295
1538,3904,3903,0.5334358186010761,0.4665641813989239,0.1908788111708942,0.09582372533948245,0.04560594414552908,0.017166282346912632,0.0058929028952088135
1539,3903,3902,0.5335725269092773,0.4664274730907227,0.19092772936955407,0.09584828293182983,0.04561763198359815,0.01717068170169144,0.005894413121476166
1540,3902,3901,0.5334529607792874,0.4665470392207126,0.19097667264803897,0.095872853114586,0.045629325813893874,0.01717508331197129,0.005895924122019995
1541,3901,3900,0.5333333333333333,0.4666666666666667,0.191025641025641,0.09589743589743589,0.045641025641025644,0.01717948717948718,0.005897435897435898
1542,3900,3899,0.5334701205437291,0.46652987945627084,0.19107463452167223,0.09592203129007437,0.04565273146960759,0.017183893305975893,0.005898948448320082
1543,3899,3898,0.5336069779374037,0.4663930220625962,0.19112365315546434,0.09594663930220626,0.045664443304258596,0.01718830169317599,0.005900461775269369
1544,3898,3897,0.5337439055683859,0.4662560944316141,0.19117269694636901,0.09597125994354631,0.04567616114960226,0.017192712342827817,0.00590197587888119
1545,3897,3896,0.5336242299794661,0.4663757700205339,0.1912217659137577,0.0959958932238193,0.04568788501026694,0.017197125256673513,0.005903490759753593
1546,3896,3895,0.5337612323491656,0.4662387676508344,0.19127086007702182,0.09602053915275995,0.045699614890885754,0.017201540436456997,0.005905006418485238
1547,3895,3894,0.5338983050847458,0.4661016949152542,0.19106317411402157,0.096045197740113,0.04571135079609656,0.017205957883923987,0.005906522855675398
1548,3894,3893,0.5337785769329566,0.4662214230670434,0.19111225276136656,0.09606986899563319,0.045723092730542,0.01721037760082199,0.005908040071923966
1549,3893,3892,0.5336587872559095,0.46634121274409046,0.19116135662898254,0.09609455292908531,0.045734840698869475,0.01721479958890031,0.005909558067831449
1550,3892,3891,0.5337959393472115,0.46620406065278847,0.19095348239527113,0.09611924955024416,0.045746594705731176,0.017219223849910047,0.005911076843998972
1551,3891,3890,0.5336760925449872,0.46632390745501284,0.1910025706940874,0.0961439588688946,0.04575835475578406,0.017223650385604115,0.005912596401028277
1552,3890,3889,0.5335561841090255,0.46644381589097456,0.19105168423759322,0.09616868089483158,0.045770120853689894,0.01722807919773721,0.005914116739521728
1553,3889,3888,0.5334362139917695,0.46656378600823045,0.1911008230452675,0.09619341563786009,0.045781893004115226,0.017232510288065845,0.0059156378600823045
1554,3888,3887,0.5335734499614099,0.4664265500385902,0.19114998713660922,0.09621816310779521,0.04579367121173141,0.017236943658348342,0.005917159763313609
1555,3887,3886,0.5334534225424601,0.4665465774575399,0.1911991765311374,0.09624292331446217,0.04580545548121462,0.017241379310344827,0.005918682449819866
1556,3886,3885,0.5335907335907336,0.4664092664092664,0.19124839124839124,0.09626769626769627,0.04581724581724582,0.017245817245817245,0.005920205920205921
1557,3885,3884,0.5337281153450052,0.46627188465499486,0.19129763130792998,0.09629248197734294,0.04582904222451081,0.01725025746652935,0.00592173017507724
1558,3884,3883,0.5338655678599021,0.46613443214009787,0.19108936389389647,0.09631728045325778,0.04584084470770023,0.017254699974246716,0.005923255215039918
1559,3883,3882,0.5337454920144256,0.46625450798557444,0.19113858835651726,0.09634209170530654,0.04585265327150953,0.017259144770736732,0.00592478104070067
1560,3882,3881,0.5338830198402473,0.4661169801597526,0.19093017263591858,0.09610925019324916,0.04560680237052306,0.017263591857768615,0.0059263076526668386
1561,3881,3880,0.5337628865979381,0.46623711340206186,0.19097938144329896,0.0961340206185567,0.045618556701030925,0.017268041237113403,0.0059278350515463915
1562,3880,3879,0.5339004898169631,0.46609951018303686,0.19077081722093323,0.09615880381541635,0.04563031709203403,0.017272492910543953,0.005929363237947924
1563,3879,3878,0.5340381640020629,0.46596183599793706,0.19082001031459514,0.0961835997937081,0.04564208354822073,0.017276946879834967,0.00593089221248066
1564,3878,3877,0.5341759092081506,0.4658240907918494,0.19086922878514315,0.09620840856332216,0.04565385607428424,0.01728140314676296,0.00593242197575445
1565,3877,3876,0.5340557275541795,0.46594427244582043,0.19091847265221878,0.09623323013415892,0.0456656346749226,0.017285861713106296,0.005933952528379773
1566,3876,3875,0.5339354838709678,0.46606451612903227,0.19096774193548388,0.09625806451612903,0.04567741935483871,0.01729032258064516,0.005935483870967742
1567,3875,3874,0.5340733092410945,0.4659266907589055,0.19101703665462055,0.09628291171915333,0.04568921011874032,0.01729478575116159,0.005937016004130098
1568,3874,3873,0.5339530080041311,0.46604699199586885,0.19106635682933126,0.09630777175316292,0.045701006971340045,0.017299251226439452,0.0059385489284792155
1569,3873,3872,0.5338326446280992,0.46616735537190085,0.19111570247933884,0.09633264462809918,0.04571280991735537,0.017303719008264464,0.005940082644628099
1570,3872,3871,0.5339705502454146,0.4660294497545854,0.19116507362438645,0.09635753035391371,0.04572461896150865,0.01730818909842418,0.00594161715319039
1571,3871,3870,0.5341085271317829,0.465891472868217,0.19121447028423771,0.09638242894056848,0.04573643410852713,0.01731266149870801,0.005943152454780362
1572,3870,3869,0.5342465753424658,0.4657534246575342,0.1910054277591109,0.09614887567846989,0.04548979064357715,0.01705867149134143,0.005686223830447144
1573,3869,3868,0.5343846949327818,0.4656153050672182,0.19105480868665978,0.09617373319544985,0.045501551189245086,0.017063081695966906,0.005687693898655636
1574,3868,3867,0.5342642875614171,0.46573571243858286,0.19110421515386605,0.09619860356865788,0.04551331781742953,0.017067494181536073,0.005689164727178691
1575,3867,3866,0.5341438178996378,0.4658561821003621,0.19115364718054836,0.09622348680807036,0.04552509053285049,0.017071908949818936,0.005690636316606311
1576,3866,3865,0.5340232858990944,0.4659767141009056,0.19120310478654592,0.09624838292367399,0.045536869340232856,0.017076326002587322,0.005692108667529107
1577,3865,3864,0.5339026915113871,0.46609730848861286,0.19125258799171843,0.09627329192546584,0.045548654244306416,0.017080745341614908,0.005693581780538302
1578,3864,3863,0.5337820346880663,0.4662179653119337,0.19130209681594615,0.09629821382345327,0.04556044524980585,0.017085166968677193,0.005695055656225731
1579,3863,3862,0.5336613153806318,0.4663386846193682,0.19135163127913,0.09632314862765406,0.04557224236147074,0.017089590885551526,0.005696530295183843
1580,3862,3861,0.5335405335405335,0.46645946645946645,0.1914011914011914,0.09634809634809635,0.045584045584045586,0.017094017094017096,0.005698005698005698
1581,3861,3860,0.533678756476684,0.46632124352331605,0.19119170984455958,0.0961139896373057,0.04533678756476684,0.01709844559585492,0.005699481865284974
1582,3860,3859,0.5338170510494947,0.4661829489505053,0.19124125421093546,0.09613889608706919,0.045348535890126974,0.01710287639284789,0.005700958797615963
1583,3859,3858,0.5339554173146708,0.46604458268532917,0.19103162260238465,0.09590461378952825,0.045360290305857955,0.017107309486780714,0.005702436495593572
1584,3858,3857,0.5340938553279752,0.4659061446720249,0.19082188229193675,0.09592947886958776,0.045372050816696916,0.01711174487943998,0.005703914959813326
1585,3857,3856,0.5342323651452282,0.4657676348547718,0.1908713692946058,0.09595435684647304,0.04538381742738589,0.01711618257261411,0.005705394190871369
1586,3856,3855,0.5341115434500648,0.46588845654993516,0.19092088197146562,0.0959792477302205,0.04539559014267185,0.017120622568093387,0.005706874189364461
1587,3855,3854,0.5339906590555267,0.46600934094447327,0.1909704203425013,0.096004151530877,0.0454073689673067,0.017125064867669952,0.005708354955889984
1588,3854,3853,0.5338697119127952,0.4661302880872048,0.19101998442771867,0.09602906825849987,0.045419153906047234,0.017129509473137815,0.0057098364910459385
1589,3853,3852,0.5340083073727934,0.46599169262720663,0.19106957424714435,0.0960539979231568,0.04543094496365525,0.017133956386292833,0.005711318795430945
1590,3852,3851,0.5341469748117372,0.46585302518826277,0.19111918982082576,0.096078940534926,0.04544274214489743,0.017138405608932743,0.005712801869644248
1591,3851,3850,0.5340259740259741,0.465974025974026,0.19116883116883118,0.09610389610389611,0.045454545454545456,0.017142857142857144,0.005714285714285714
1592,3850,3849,0.5341647181085997,0.4658352818914004,0.19121849831124968,0.09612886464016628,0.045466354897375945,0.0171473109898675,0.005715770329955833
1593,3849,3848,0.534043659043659,0.465956340956341,0.19126819126819128,0.09615384615384616,0.04547817047817048,0.017151767151767153,0.005717255717255718
1594,3848,3847,0.5339225370418508,0.4660774629581492,0.19131791005978685,0.09617884065505589,0.04548999220171562,0.01715622563036132,0.005718741876787107
1595,3847,3846,0.5338013520540822,0.4661986479459178,0.19136765470618824,0.09620384815392616,0.045501820072802915,0.0171606864274571,0.005720228809152366
1596,3846,3845,0.5339401820546164,0.4660598179453836,0.19141742522756827,0.09622886866059818,0.045513654096228866,0.017165149544863458,0.005721716514954486
1597,3845,3844,0.5340790842872009,0.46592091571279914,0.1914672216441207,0.09625390218522373,0.045525494276795,0.01716961498439126,0.005723204994797087
1598,3844,3843,0.5342180588082227,0.46578194119177724,0.1912568306010929,0.09627894873796514,0.04553734061930783,0.01717408274785324,0.005724694249284413
1599,3843,3842,0.5340968245705362,0.4659031754294638,0.19130661114003122,0.09630400832899531,0.045549193128578865,0.01717855283706403,0.005726184279021343
1600,3842,3841,0.5342358760739391,0.4657641239260609,0.19135641759958344,0.0963290809684978,0.04556105180942463,0.017183025253840144,0.005727675084613382
1601,3841,3840,0.534375,0.465625,0.19114583333333332,0.09635416666666667,0.045572916666666664,0.0171875,0.005729166666666666
1602,3840,3839,0.5342537119041417,0.4657462880958583,0.1911956238603803,0.0963792654337067,0.045584787705131545,0.017191977077363897,0.0057306590257879654
1603,3839,3838,0.5343929129755081,0.46560708702449194,0.19124544033350704,0.09640437727983325,0.04559666492965086,0.017196456487754037,0.005732152162584679
1604,3838,3837,0.5342715663278603,0.4657284336721397,0.19129528277299973,0.09642950221527234,0.04560854834506125,0.017200938232994525,0.005733646077664843
1605,3837,3836,0.5341501564129302,0.4658498435870699,0.19134515119916579,0.09645464025026068,0.04562043795620438,0.017205422314911366,0.005735140771637122
1606,3836,3835,0.5342894393741852,0.46571056062581484,0.1911342894393742,0.09621903520208605,0.04563233376792699,0.017209908735332465,0.005736636245110821
1607,3835,3834,0.5341679707876891,0.4658320292123109,0.19118414188836724,0.09624413145539906,0.04564423578508085,0.017214397496087636,0.005738132498695879
1608,3834,3833,0.5343073310722671,0.46569266892773287,0.1912340203495956,0.09626924080354814,0.045656144012522826,0.017218888599008608,0.00573962953300287
1609,3833,3832,0.5341858037578288,0.4658141962421712,0.1912839248434238,0.09629436325678496,0.045668058455114825,0.01722338204592902,0.005741127348643006
1610,3832,3831,0.5343252414513182,0.4656747585486818,0.19107282693813626,0.09605847037327069,0.04567997911772383,0.017227877838684416,0.005742625946228139
1611,3831,3830,0.5342036553524804,0.46579634464751957,0.19112271540469974,0.09608355091383812,0.04569190600522193,0.01723237597911227,0.005744125326370757
1612,3830,3829,0.5340820057456255,0.4659179942543745,0.1911726299294855,0.09610864455471402,0.04570383912248629,0.017236876469051973,0.00574562548968399
1613,3829,3828,0.5339602925809822,0.4660397074190178,0.19122257053291536,0.0961337513061651,0.045715778474399164,0.017241379310344827,0.005747126436781609
1614,3828,3827,0.5340998170891037,0.46590018291089624,0.19101123595505617,0.0958975698980925,0.045466422785471645,0.0169845832244578,0.005748628168278025
1615,3827,3826,0.5342394145321484,0.46576058546785154,0.19079979090433874,0.09592263460533194,0.045478306325143755,0.016989022477783586,0.00575013068478829
1616,3826,3825,0.5341176470588235,0.46588235294117647,0.19084967320261437,0.09594771241830065,0.04549019607843137,0.01699346405228758,0.005751633986928104
1617,3825,3824,0.5342573221757322,0.46574267782426776,0.19089958158995815,0.09597280334728034,0.045502092050209206,0.016997907949790794,0.005753138075313808
1618,3824,3823,0.5341354956840177,0.4658645043159822,0.1909495160868428,0.09599790740256343,0.04551399424535705,0.017002354172116138,0.005754642950562386
1619,3823,3822,0.5340136054421769,0.46598639455782315,0.19099947671376244,0.09602302459445317,0.04552590266875981,0.017006802721088437,0.0057561486132914706
1620,3822,3821,0.5341533629939806,0.46584663700601936,0.19104946349123267,0.09604815493326355,0.04553781732530751,0.017011253598534413,0.0057576550641193405
1621,3821,3820,0.5342931937172775,0.46570680628272254,0.19109947643979058,0.09607329842931937,0.04554973821989529,0.017015706806282723,0.005759162303664921
1622,3820,3819,0.5341712490180676,0.46582875098193244,0.19114951557999477,0.09609845509295627,0.04556166535742341,0.01702016234616392,0.005760670332547788
1623,3819,3818,0.5343111576741749,0.465688842325825,0.19093766369827134,0.09612362493452069,0.045573598742797275,0.017024620220010476,0.005762179151388162
1624,3818,3817,0.5341891537856955,0.4658108462143044,0.19098768666492008,0.09614880796436992,0.04558553838092743,0.017029080429656798,0.005763688760806916
1625,3817,3816,0.5340670859538784,0.4659329140461216,0.19103773584905662,0.09617400419287211,0.04559748427672956,0.017033542976939202,0.005765199161425576
1626,3816,3815,0.5339449541284403,0.46605504587155966,0.1910878112712975,0.09619921363040629,0.04560943643512451,0.01703800786369594,0.005766710353866317
1627,3815,3814,0.5338227582590456,0.4661772417409544,0.19113791295228108,0.09622443628736235,0.04562139486103828,0.017042475091767175,0.0057682223387519665
1628,3814,3813,0.5337004982953055,0.4662995017046945,0.1911880409126672,0.0962496721741411,0.045633359559402044,0.017046944662995018,0.005769735116706006
1629,3813,3812,0.5338405036726128,0.4661594963273872,0.19123819517313745,0.09627492130115425,0.04564533053515215,0.017051416579223506,0.005771248688352571
1630,3812,3811,0.5339805825242718,0.46601941747572817,0.19128837575439517,0.09630018367882445,0.04565730779323012,0.01705589084229861,0.005772763054316453
1631,3811,3810,0.5338582677165354,0.46614173228346456,0.19133858267716536,0.09632545931758531,0.04566929133858268,0.01706036745406824,0.005774278215223097
1632,3810,3809,0.5337358886846941,0.4662641113153059,0.1913888159621948,0.09635074822788134,0.04568128117616172,0.017064846416382253,0.005775794171698608
1633,3809,3808,0.5336134453781513,0.46638655462184875,0.19143907563025211,0.09637605042016807,0.04569327731092437,0.017069327731092435,0.005777310924369748
1634,3808,3807,0.5337536117677961,0.4662463882322038,0.19148936170212766,0.09640136590491201,0.045705279747832936,0.017073811400052534,0.005778828473863935
1635,3807,3806,0.5338938518129269,0.466106148187073,0.19153967419863374,0.09642669469259064,0.04571728849185497,0.017078297425118235,0.005780346820809248
1636,3806,3805,0.5337713534822602,0.4662286465177398,0.19159001314060448,0.0964520367936925,0.04572930354796321,0.017082785808147174,0.005781865965834429
1637,3805,3804,0.5336487907465826,0.46635120925341744,0.1916403785488959,0.09647739221871714,0.04574132492113565,0.01708727655099895,0.0057833859095688745
1638,3804,3803,0.533789113857481,0.46621088614251904,0.191690770444386,0.09650276097817513,0.045753352616355505,0.017091769655535105,0.00578490665264265
1639,3803,3802,0.533929510783798,0.466070489216202,0.19147816938453446,0.09652814308258811,0.04576538663861126,0.01709626512361915,0.005786428195686481
1640,3802,3801,0.5340699815837937,0.46593001841620624,0.19152854511970535,0.09655353854248881,0.04577742699289661,0.017100762957116548,0.005787950539331755
1641,3801,3800,0.5339473684210526,0.4660526315789474,0.19157894736842104,0.09657894736842106,0.045789473684210526,0.017105263157894738,0.005789473684210527
1642,3800,3799,0.533824690708081,0.4661753092919189,0.19162937615161885,0.09660436957093972,0.04580152671755725,0.01710976572782311,0.005790997630955514
1643,3799,3798,0.5339652448657188,0.4660347551342812,0.19141653501843076,0.09662980516061084,0.045813586097946286,0.017114270668773038,0.005792522380200105
1644,3798,3797,0.5338425072425599,0.46615749275744006,0.1914669475902028,0.09665525414801159,0.045825651830392417,0.017118777982617857,0.0057940479325783514
1645,3797,3796,0.5339831401475237,0.4660168598524763,0.19151738672286617,0.09668071654373024,0.0458377239199157,0.017123287671232876,0.005795574288724974
1646,3796,3795,0.5338603425559947,0.46613965744400526,0.19156785243741767,0.09670619235836628,0.0458498023715415,0.017127799736495388,0.005797101449275362
1647,3795,3794,0.5337374802319452,0.46626251976805483,0.19161834475487613,0.09673168160253032,0.045861887190300474,0.01713231418028466,0.005798629414865577
1648,3794,3793,0.5338781966780912,0.4661218033219088,0.19140522014236752,0.09649354073292908,0.04561033482731347,0.01713683100448194,0.005800158186132349
1649,3793,3792,0.5337552742616034,0.46624472573839665,0.19145569620253164,0.09651898734177215,0.04562236286919831,0.017141350210970463,0.0058016877637130804
1650,3792,3791,0.5338960696386178,0.4661039303613822,0.1915061988921129,0.0965444473753627,0.04563439725666051,0.017145871801635452,0.005803218148245845
1651,3791,3790,0.5340369393139842,0.46596306068601584,0.19129287598944592,0.09630606860158311,0.045646437994722955,0.017150395778364115,0.005804749340369393
1652,3790,3789,0.5339139614674057,0.46608603853259434,0.19134336236474003,0.09633148588017947,0.04565848508841383,0.017154922143045658,0.005806281340723146
1653,3789,3788,0.5340549102428722,0.4659450897571278,0.19139387539598732,0.09635691657866949,0.045670538542766634,0.017159450897571277,0.005807814149947202
1654,3788,3787,0.5339318721943491,0.46606812780565093,0.1914444151043042,0.09638236070768419,0.045682598362820175,0.01716398204383417,0.005809347768682334
1655,3787,3786,0.5340729001584786,0.4659270998415214,0.19149498151082936,0.09640781827786582,0.04569466455361859,0.01716851558372953,0.005810882197569995
1656,3786,3785,0.5339498018494055,0.46605019815059445,0.19154557463672392,0.0964332892998679,0.04570673712021136,0.017173051519154558,0.005812417437252312
1657,3785,3784,0.5338266384778013,0.46617336152219874,0.19159619450317125,0.09645877378435518,0.045718816067653274,0.017177589852008457,0.005813953488372093
1658,3784,3783,0.5339677504625958,0.4660322495374042,0.19164684113137723,0.0964842717420037,0.04573090140100449,0.01718213058419244,0.005815490351572826
1659,3783,3782,0.5341089370703331,0.46589106292966687,0.19143310417768378,0.0965097831835008,0.04574299312533051,0.01718667371760973,0.005817028027498678
1660,3782,3781,0.5339857180640042,0.46601428193599576,0.1914837344617826,0.0965353081195451,0.04575509124570219,0.017191219254165564,0.0058185665167944985
1661,3781,3780,0.5338624338624338,0.46613756613756613,0.19153439153439153,0.09656084656084656,0.04576719576719577,0.017195767195767195,0.00582010582010582
1662,3780,3779,0.5337390844138661,0.4662609155861339,0.1915850754167769,0.09658639851812649,0.04577930669489283,0.017200317544323895,0.005821645938078857
1663,3779,3778,0.5336156696664902,0.4663843303335098,0.19163578613022764,0.09661196400211752,0.04579142403388036,0.017204870301746954,0.005823186871360508
1664,3778,3777,0.5334921895684406,0.4665078104315594,0.19168652369605507,0.09663754302356367,0.04580354778925073,0.017209425469949694,0.005824728620598359
1665,3777,3776,0.5336334745762712,0.4663665254237288,0.1917372881355932,0.09666313559322035,0.0458156779661017,0.017213983050847457,0.005826271186440678
1666,3776,3775,0.5337748344370861,0.46622516556291393,0.19152317880794703,0.09668874172185431,0.045827814569536426,0.017218543046357615,0.005827814569536424
1667,3775,3774,0.5336512983571807,0.4663487016428193,0.1915739268680445,0.09671436142024377,0.04583995760466349,0.017223105458399578,0.005829358770535241
1668,3774,3773,0.5335276967930029,0.46647230320699706,0.19162470182878347,0.09673999469917838,0.04585210707659687,0.01722767028889478,0.0058309037900874635
1669,3773,3772,0.5334040296924708,0.46659597030752914,0.19167550371155886,0.09676564156945917,0.04586426299045599,0.0172322375397667,0.005832449628844115
1670,3772,3771,0.5335454786528773,0.4664545213471228,0.1917263325377884,0.0967913020418987,0.045876425351365685,0.017236807212940866,0.005833996287456908
1671,3771,3770,0.53342175066313,0.46657824933687003,0.19177718832891247,0.09681697612732096,0.04588859416445623,0.017241379310344827,0.005835543766578249
1672,3770,3769,0.5332979570177766,0.4667020429822234,0.19182807110639427,0.09684266383656143,0.04590076943486336,0.017245953833908197,0.0058370920668612365
1673,3769,3768,0.5331740976645435,0.46682590233545646,0.19187898089171976,0.0968683651804671,0.045912951167728235,0.017250530785562632,0.00583864118895966
1674,3768,3767,0.5330501725511017,0.46694982744889835,0.19192991770639767,0.09689408016989647,0.045925139368197504,0.017255110167241836,0.005840191133528006
1675,3767,3766,0.5329261816250663,0.4670738183749336,0.19198088157195964,0.0969198088157196,0.045937334041423264,0.01725969198088157,0.005841741901221455
1676,3766,3765,0.5330677290836653,0.46693227091633466,0.19176626826029217,0.09694555112881806,0.04594953519256308,0.017264276228419653,0.0058432934926958835
1677,3765,3764,0.5332093517534537,0.4667906482465462,0.191817215727949,0.09697130712008502,0.04596174282678002,0.01726886291179596,0.005844845908607864
1678,3764,3763,0.5333510496943927,0.4666489503056072,0.1916024448578262,0.09673133138453362,0.04570821153335105,0.01727345203295243,0.005846399149614669
1679,3763,3762,0.5332270069112174,0.46677299308878256,0.1916533758639022,0.09675704412546518,0.045720361509835196,0.017278043593833066,0.005847953216374269
1680,3762,3761,0.5331028981653816,0.46689710183461847,0.1917043339537357,0.09678277053975007,0.045732517947354424,0.01728263759638394,0.0058495081095453335
1681,3761,3760,0.5329787234042553,0.46702127659574466,0.19175531914893618,0.09680851063829787,0.045744680851063826,0.017287234042553192,0.005851063829787234
1682,3760,3759,0.532854482575153,0.46714551742484706,0.19180633147113593,0.09683426443202979,0.04575685022612397,0.017291832934291033,0.005852620377760042
1683,3759,3758,0.5327301756253326,0.46726982437466735,0.19185737094199043,0.09686003193187866,0.045769026077700906,0.017296434273549762,0.005854177754124534
1684,3758,3757,0.5326058025019963,0.4673941974980037,0.19190843758317808,0.09688581314878893,0.045781208410966195,0.01730103806228374,0.005855735959542188
1685,3757,3756,0.5324813631522897,0.46751863684771033,0.19195953141640043,0.09691160809371673,0.04579339723109691,0.017305644302449415,0.005857294994675187
1686,3756,3755,0.5326231691078562,0.4673768308921438,0.19174434087882822,0.0966711051930759,0.04553928095872171,0.017310252996005325,0.005858854860186418
1687,3755,3754,0.5324986680873735,0.46750133191262655,0.19179541822056473,0.09669685668620139,0.045551411827384126,0.017314864144912095,0.005860415556739478
1688,3754,3753,0.532640554223288,0.46735944577671196,0.191580069277911,0.09645616839861444,0.04529709565680789,0.017319477751132427,0.005861977084998668
1689,3753,3752,0.5325159914712153,0.46748400852878463,0.19163113006396587,0.0964818763326226,0.0453091684434968,0.01732409381663113,0.005863539445628998
1690,3752,3751,0.5323913623033858,0.46760863769661426,0.19168221807517996,0.09650759797387364,0.045321247667288726,0.0173287123433751,0.005865102639296188
1691,3751,3750,0.5325333333333333,0.46746666666666664,0.19173333333333334,0.09653333333333333,0.04533333333333334,0.017333333333333333,0.005866666666666667
1692,3750,3749,0.5326753801013604,0.46732461989863966,0.1917844758602294,0.09655908242197919,0.04534542544678581,0.017337956788476928,0.005868231528407575
1693,3749,3748,0.5328175026680897,0.46718249733191036,0.19156883671291355,0.09658484525080042,0.04535752401280683,0.017342582710779084,0.005869797225186766
1694,3748,3747,0.5326928209234054,0.46730717907659464,0.19161996263677608,0.09661062183079797,0.04536962903656258,0.017347211102215106,0.005871363757672805
1695,3747,3746,0.5325680726107849,0.4674319273892152,0.19167111585691404,0.09663641217298452,0.04538174052322477,0.017351841964762412,0.0058729311265349705
1696,3746,3745,0.5324432576769025,0.46755674232309746,0.1917222963951936,0.0966622162883845,0.04539385847797063,0.017356475300400534,0.005874499332443258
1697,3745,3744,0.5325854700854701,0.4674145299145299,0.19150641025641027,0.09642094017094018,0.04513888888888889,0.017361111111111112,0.005876068376068376
1698,3744,3743,0.5327277584825006,0.46727224151749935,0.1912904087630243,0.09617953513224686,0.0448837830617152,0.017365749398877906,0.005877638258081752
1699,3743,3742,0.5326028861571352,0.46739711384286475,0.1913415285943346,0.09620523784072689,0.04489577765900588,0.017370390165686797,0.005879208979155532
1700,3742,3741,0.5324779470729751,0.46752205292702487,0.19139267575514568,0.09623095429029671,0.04490777866880513,0.017375033413525795,0.005880780539962577
1701,3741,3740,0.5323529411764706,0.4676470588235294,0.19144385026737967,0.0962566844919786,0.044919786096256686,0.017379679144385027,0.0058823529411764705
1702,3740,3739,0.5322278684140145,0.4677721315859856,0.19149505215298207,0.09628242845680664,0.04493179994650976,0.017384327360256753,0.005883926183471516
1703,3739,3738,0.5323702514713751,0.46762974852862493,0.19154628143392188,0.09630818619582665,0.0449438202247191,0.017388978063135368,0.005885500267522739
1704,3738,3737,0.5322451164035322,0.4677548835964678,0.1915975381321916,0.09633395772009633,0.04495584693604496,0.017393631255017392,0.005887075194005887
1705,3737,3736,0.5323875802997858,0.4676124197002141,0.19164882226980728,0.09635974304068523,0.044967880085653104,0.0173982869379015,0.005888650963597431
1706,3736,3735,0.5322623828647925,0.4677376171352075,0.19170013386880858,0.0963855421686747,0.04497991967871486,0.01740294511378849,0.005890227576974565
1707,3735,3734,0.5324049276914836,0.4675950723085163,0.19175147295125872,0.09641135511515801,0.04499196572040707,0.017407605784681306,0.0058918050348152114
1708,3734,3733,0.5322796678274846,0.4677203321725154,0.19180283953924457,0.09643718189124029,0.045004018215912135,0.01741226895258505,0.005893383337798017
1709,3733,3732,0.5321543408360129,0.4678456591639871,0.19185423365487675,0.09646302250803858,0.04501607717041801,0.017416934619506965,0.005894962486602358
1710,3732,3731,0.5322969713213616,0.46770302867863844,0.1916376306620209,0.09648887697668186,0.0450281425891182,0.017421602787456445,0.0058965424819083356
1711,3731,3730,0.5324396782841823,0.4675603217158177,0.19142091152815013,0.09651474530831099,0.04504021447721179,0.01742627345844504,0.005898123324396783
1712,3730,3729,0.5323142933762403,0.46768570662375974,0.1914722445695897,0.09654062751407884,0.04505229283990346,0.01743094663448646,0.0058997050147492625
1713,3729,3728,0.5324570815450643,0.4675429184549356,0.1915236051502146,0.09656652360515021,0.045064377682403435,0.017435622317596565,0.005901287553648069
1714,3728,3727,0.5323316340220016,0.4676683659779984,0.1915749932921921,0.0965924335927019,0.04507646900992755,0.0174403005097934,0.0059028709417762275
1715,3727,3726,0.5322061191626409,0.4677938808373591,0.19162640901771336,0.0966183574879227,0.04508856682769726,0.017444981213097156,0.005904455179817499
1716,3726,3725,0.5323489932885906,0.4676510067114094,0.19140939597315437,0.0963758389261745,0.04483221476510067,0.0174496644295302,0.005906040268456376
1717,3725,3724,0.5324919441460795,0.4675080558539205,0.1914607948442535,0.09640171858216971,0.04484425349087003,0.01745435016111708,0.005907626208378088
1718,3724,3723,0.5323663712060167,0.46763362879398335,0.19151222132688692,0.09642761214074672,0.044856298683857106,0.0174590384098845,0.0059092130002686
1719,3723,3722,0.5322407307898979,0.4677592692101021,0.19156367544331004,0.09645351961311123,0.04486835034927458,0.017463729177861365,0.005910800644814616
1720,3722,3721,0.5321150228433217,0.4678849771566783,0.1916151572158022,0.09647944101048106,0.04488040849234077,0.01746842246707874,0.005912389142703574
1721,3721,3720,0.531989247311828,0.46801075268817205,0.19166666666666668,0.09650537634408603,0.04489247311827957,0.01747311827956989,0.005913978494623656
1722,3720,3719,0.5321322936273192,0.4678677063726808,0.1917182038182307,0.09653132562516806,0.044904544232320515,0.01747781661737026,0.005915568701263781
1723,3719,3718,0.5320064550833782,0.4679935449166218,0.19176976869284562,0.09655728886498118,0.044916621839698766,0.017482517482517484,0.005917159763313609
1724,3718,3717,0.5321495829970406,0.4678504170029594,0.19155232714554749,0.09631423190745225,0.044928705945655095,0.017487220877051384,0.005918751681463546
1725,3717,3716,0.5320236813778256,0.46797631862217437,0.1916038751345533,0.09634015069967707,0.04494079655543595,0.017491926803013993,0.005920344456404736
1726,3716,3715,0.5318977119784657,0.4681022880215343,0.19165545087483177,0.09636608344549125,0.04495289367429341,0.017496635262449527,0.0059219380888290716
1727,3715,3714,0.531771674744211,0.4682283252557889,0.19170705438879915,0.09639203015616586,0.04496499730748519,0.017501346257404415,0.0059235325794291865
1728,3714,3713,0.5316455696202531,0.46835443037974683,0.19175868569889576,0.09641799084298411,0.04497710746027471,0.017506059789927284,0.005925127928898465
1729,3713,3712,0.5315193965517241,0.46848060344827586,0.19181034482758622,0.09644396551724138,0.044989224137931036,0.017510775862068964,0.005926724137931034
1730,3712,3711,0.5313931554836971,0.46860684451630286,0.1918620317973592,0.09646995419024522,0.045001347345728915,0.01751549447588251,0.005928321207221773
1731,3711,3710,0.5312668463611859,0.468733153638814,0.19191374663072777,0.09649595687331536,0.04501347708894879,0.01752021563342318,0.005929919137466307
1732,3710,3709,0.5314100835804799,0.4685899164195201,0.19169587489889459,0.09625235912644918,0.045025613372876784,0.01752493933674845,0.005931517929361013
1733,3709,3708,0.5315533980582524,0.4684466019417476,0.19147788565264293,0.09600862998921252,0.04503775620280474,0.017529665587918016,0.005933117583603021
1734,3708,3707,0.5316967898570273,0.46830321014297277,0.19152953871054762,0.09603452926895063,0.045049905584030214,0.017534394388993794,0.005934718100890208
1735,3707,3706,0.5315704263356719,0.46842957366432814,0.19158121964382083,0.0960604425256341,0.04506206152185645,0.017539125742039936,0.0059363194819212085
1736,3706,3705,0.5314439946018893,0.46855600539811065,0.19163292847503374,0.0960863697705803,0.04507422402159244,0.017543859649122806,0.005937921727395412
1737,3705,3704,0.5315874730021598,0.4684125269978402,0.19168466522678185,0.09611231101511879,0.04508639308855292,0.017548596112311014,0.005939524838012959
1738,3704,3703,0.5317310288954902,0.4682689711045099,0.19173642992168513,0.09613826627059141,0.045098568728058334,0.017553335133675397,0.00594112881447475
1739,3703,3702,0.5318746623446785,0.46812533765532144,0.1917882225823879,0.09616423554835224,0.0451107509454349,0.01755807671528903,0.005942733657482442
1740,3702,3701,0.531748176168603,0.4682518238313969,0.19184004323155904,0.09619021885976763,0.04512293974601459,0.017562820859227234,0.005944339367738449
1741,3701,3700,0.5316216216216216,0.46837837837837837,0.1918918918918919,0.09621621621621622,0.04513513513513513,0.01756756756756757,0.005945945945945946
1742,3700,3699,0.5314949986482833,0.4685050013517167,0.19194376858610435,0.09624222762908895,0.045147337118140035,0.017572316842389836,0.005947553392808867
1743,3699,3698,0.5313683071930774,0.4686316928069227,0.1919956733369389,0.09626825310978908,0.045159545700378584,0.017577068685776097,0.005949161709031909
1744,3698,3697,0.5312415472004328,0.46875845279956724,0.19204760616716257,0.09629429266973222,0.04517176088720584,0.017581823099810656,0.005950770895320531
1745,3697,3696,0.5311147186147186,0.4688852813852814,0.1920995670995671,0.09632034632034632,0.04518398268398268,0.017586580086580088,0.005952380952380952
1746,3696,3695,0.5312584573748309,0.46874154262516915,0.19215155615696888,0.09634641407307172,0.04519621109607578,0.017591339648173207,0.005953991880920162
1747,3695,3694,0.5314022739577694,0.46859772604223066,0.19220357336220897,0.09637249593936113,0.045208446128857604,0.017596101786681105,0.005955603681645912
1748,3694,3693,0.5312753858651503,0.4687246141348497,0.19225561873815325,0.09639859193067966,0.04522068778770647,0.017600866504197128,0.005957216355266721
1749,3693,3692,0.5314192849404117,0.4685807150595883,0.1920368364030336,0.09642470205850487,0.0452329360780065,0.017605633802816902,0.005958829902491874
1750,3692,3691,0.531292332701165,0.468707667298835,0.19208886480628556,0.09645082633432674,0.04524519100514766,0.017610403684638308,0.005960444324031428
1751,3691,3690,0.5311653116531165,0.46883468834688347,0.1921409214092141,0.09647696476964769,0.04525745257452574,0.017615176151761516,0.005962059620596206
1752,3690,3689,0.531038221740309,0.468961778259691,0.19219300623475197,0.09650311737598265,0.04526972079154242,0.017619951206288967,0.005963675792897805
1753,3689,3688,0.5309110629067245,0.4690889370932755,0.19224511930585683,0.09652928416485901,0.04528199566160521,0.01762472885032538,0.00596529284164859
1754,3688,3687,0.5307838350962842,0.46921616490371576,0.19229726064551125,0.09655546514781665,0.04529427719012748,0.01762950908597776,0.005966910767561703
1755,3687,3686,0.5306565382528486,0.46934346174715136,0.19234943027672274,0.09658166033640803,0.04530656538252849,0.0176342919153554,0.005968529571351058
1756,3686,3685,0.5308005427408412,0.46919945725915874,0.1921302578018996,0.0966078697421981,0.04531886024423338,0.017639077340569877,0.005970149253731343
1757,3685,3684,0.5309446254071661,0.46905537459283386,0.19218241042345277,0.09663409337676439,0.04533116178067318,0.01764386536373507,0.005971769815418024
1758,3684,3683,0.5310887863155037,0.46891121368449634,0.19223459136573445,0.09666033125169698,0.04534346999728482,0.017648655986967146,0.005973391257127342
1759,3683,3682,0.5309614340032591,0.4690385659967409,0.19228680065181966,0.09668658337859859,0.045355784899511135,0.017653449212384573,0.005975013579576317
1760,3682,3681,0.5308340124966042,0.46916598750339583,0.19233903830480847,0.0967128497690845,0.04536810649280087,0.017658245042108122,0.00597663678348275
1761,3681,3680,0.5307065217391305,0.4692934782608696,0.1923913043478261,0.0967391304347826,0.0453804347826087,0.017663043478260868,0.005978260869565218
1762,3680,3679,0.530578961674368,0.469421038325632,0.19244359880402284,0.09676542538733351,0.045392769774395214,0.0176678445229682,0.005979885838543082
1763,3679,3678,0.5307232191408374,0.4692767808591626,0.19222403480152256,0.09679173463839043,0.04540511147362697,0.017672648178357803,0.005981511691136488
1764,3678,3677,0.5305955942344303,0.46940440576556974,0.1922763122110416,0.09681805819961925,0.045417459885776446,0.017677454446559694,0.005983138428066358
1765,3677,3676,0.530739934711643,0.4692600652883569,0.19205658324265507,0.09684439608269858,0.04542981501632209,0.017682263329706203,0.005984766050054407
1766,3676,3675,0.5306122448979592,0.46938775510204084,0.19210884353741497,0.09687074829931973,0.0454421768707483,0.017687074829931974,0.00598639455782313
1767,3675,3674,0.5307566684812194,0.4692433315187806,0.19188894937397932,0.09662493195427327,0.045454545454545456,0.017691888949373978,0.005988023952095809
1768,3674,3673,0.5309011707051456,0.46909882929485436,0.1919411924857065,0.09665123876939831,0.04546692077320991,0.01769670569017152,0.005989654233596515
1769,3673,3672,0.5310457516339869,0.46895424836601307,0.1919934640522876,0.09667755991285402,0.04547930283224401,0.01770152505446623,0.005991285403050109
1770,3672,3671,0.5309180059929175,0.46908199400708256,0.1920457640969763,0.09670389539634977,0.045491691637156086,0.01770634704440207,0.0059929174611822395
1771,3671,3670,0.5310626702997275,0.46893732970027246,0.19182561307901907,0.09645776566757493,0.045231607629427795,0.017438692098092644,0.005994550408719346
1772,3670,3669,0.5312074134641591,0.4687925865358408,0.19187789588443718,0.0964840556009812,0.04524393567729627,0.01744344508040338,0.005996184246388662
1773,3669,3668,0.5313522355507089,0.4686477644492912,0.19165757906215922,0.0965103598691385,0.04525627044711014,0.017448200654307525,0.0059978189749182115
1774,3668,3667,0.5312244341423507,0.4687755658576493,0.19170984455958548,0.0965366784837742,0.045268611944368695,0.01745295882192528,0.0059994545950368145
1775,3667,3666,0.5310965630114566,0.46890343698854337,0.19176213857064922,0.09656301145662848,0.045280960174577195,0.01745771958537916,0.006001091107474086
1776,3666,3665,0.5312414733969987,0.4687585266030014,0.19181446111869033,0.0965893587994543,0.04529331514324693,0.017462482946794,0.006002728512960437
1777,3665,3664,0.5311135371179039,0.46888646288209607,0.19186681222707425,0.09661572052401747,0.0453056768558952,0.017467248908296942,0.006004366812227074
1778,3664,3663,0.5312585312585313,0.4687414687414687,0.1919191919191919,0.09664209664209664,0.04531804531804532,0.017472017472017473,0.006006006006006006
1779,3663,3662,0.5311305297651556,0.4688694702348443,0.19197160021845985,0.09666848716548335,0.04533042053522665,0.017476788640087382,0.006007646095030038
1780,3662,3661,0.5312756077574433,0.4687243922425567,0.19175088773559137,0.09669489210598198,0.045342802512974595,0.017481562414640807,0.006009287080032778
1781,3661,3660,0.5311475409836065,0.46885245901639344,0.1918032786885246,0.09672131147540984,0.0453551912568306,0.017486338797814208,0.006010928961748634
1782,3660,3659,0.5310194042088002,0.4689805957911998,0.19185569827821808,0.09674774528559715,0.04536758677234217,0.017491117791746377,0.006012571740912818
1783,3659,3658,0.5308911973756151,0.4691088026243849,0.19190814652815746,0.0967741935483871,0.045379989065062874,0.017495899398578457,0.006014215418261345
1784,3658,3657,0.5307629204265791,0.4692370795734208,0.19196062346185397,0.09680065627563576,0.04539239814055236,0.017500683620453924,0.006015859994531037
1785,3657,3656,0.5309080962800875,0.4690919037199125,0.19201312910284463,0.09682713347921225,0.04540481400437637,0.0175054704595186,0.006017505470459519
1786,3656,3655,0.53077975376197,0.4692202462380301,0.1920656634746922,0.09685362517099863,0.0454172366621067,0.017510259917920656,0.006019151846785226
1787,3655,3654,0.5306513409961686,0.46934865900383144,0.1921182266009852,0.09688013136288999,0.04542966611932129,0.01751505199781062,0.0060207991242474
1788,3654,3653,0.5307966055297016,0.4692033944702984,0.19189707090062963,0.09663290446208596,0.04544210238160416,0.017519846701341362,0.006022447303586094
1789,3653,3652,0.5306681270536692,0.4693318729463308,0.19194961664841184,0.09665936473165389,0.045454545454545456,0.017524644030668127,0.006024096385542169
1790,3652,3651,0.530539578197754,0.46946042180224595,0.1920021911804985,0.09668583949602849,0.04546699534374144,0.017529443987948506,0.006025746370857299
1791,3651,3650,0.5304109589041096,0.4695890410958904,0.19205479452054794,0.09671232876712328,0.04547945205479452,0.017534246575342465,0.006027397260273973
1792,3650,3649,0.5305563167991231,0.4694436832008769,0.19210742669224445,0.0967388325568649,0.04549191559331324,0.017539051795012334,0.006029049054535489
1793,3649,3648,0.5307017543859649,0.4692982456140351,0.19216008771929824,0.09676535087719298,0.04550438596491228,0.017543859649122806,0.006030701754385965
1794,3648,3647,0.5305730737592542,0.46942692624074583,0.19221277762544559,0.09679188374006033,0.0455168631752125,0.017548670139840964,0.006032355360570332
1795,3647,3646,0.5304443225452551,0.4695556774547449,0.1922654964344487,0.0968184311574328,0.04552934722984092,0.01755348326933626,0.006034009873834339
1796,3646,3645,0.5305898491083676,0.46941015089163235,0.19231824417009602,0.09684499314128944,0.045541838134430725,0.017558299039780522,0.006035665294924554
1797,3645,3644,0.5304610318331504,0.4695389681668496,0.19237102085620197,0.09687156970362239,0.045554335894621295,0.01756311745334797,0.0060373216245883645
1798,3644,3643,0.5303321438374966,0.46966785616250345,0.1924238265166072,0.096898160856437,0.045566840516058194,0.017567938512215206,0.0060389788635739775
1799,3643,3642,0.5302031850631521,0.4697968149368479,0.19247666117517848,0.09692476661175178,0.04557935200439319,0.01757276221856123,0.0060406370126304225
1800,3642,3641,0.5300741554517989,0.469925844548201,0.19252952485580885,0.09695138698159846,0.04559187036528426,0.017577588574567427,0.006042296072507553
1801,3641,3640,0.529945054945055,0.47005494505494505,0.1925824175824176,0.09697802197802198,0.0456043956043956,0.017582417582417582,0.006043956043956044
1802,3640,3639,0.5300906842539159,0.4699093157460841,0.1923605386095081,0.09672987084363836,0.04561692772739764,0.017587249244297883,0.006045616927727398
1803,3639,3638,0.5302363936228697,0.46976360637713027,0.1921385376580539,0.09675645959318306,0.04562946673996701,0.017592083562396922,0.006047278724573941
1804,3638,3637,0.5303821831179544,0.4696178168820456,0.1921913665108606,0.0967830629639813,0.04564201264778664,0.017596920538905693,0.006048941435248831
1805,3637,3636,0.5302530253025303,0.46974697469746973,0.19224422442244224,0.0968096809680968,0.04565456545654566,0.0176017601760176,0.00605060506050605
1806,3636,3635,0.5301237964236589,0.46987620357634113,0.1922971114167813,0.0968363136176066,0.04566712517193948,0.017606602475928473,0.006052269601100412
1807,3635,3634,0.5299944964226747,0.47000550357732523,0.19235002751788663,0.09686296092460099,0.04567969179966978,0.017611447440836543,0.006053935057787562
1808,3634,3633,0.5301403798513625,0.46985962014863747,0.19212771813927884,0.0968896229011836,0.04569226534544454,0.017616295072942472,0.006055601431323975
1809,3633,3632,0.5300110132158591,0.46998898678414097,0.1921806167400881,0.09691629955947137,0.045704845814977975,0.01762114537444934,0.006057268722466961
1810,3632,3631,0.5298815753236024,0.4701184246763977,0.1922335444781052,0.0969429909115946,0.04571743321399064,0.017625998347562656,0.006058936931974662
1811,3631,3630,0.5297520661157025,0.47024793388429753,0.19228650137741046,0.09696969696969697,0.045730027548209366,0.017630853994490357,0.006060606060606061
1812,3630,3629,0.5298980435381648,0.4701019564618352,0.19233948746211077,0.09699641774593552,0.04574262882336732,0.017635712317442823,0.00606227610912097
1813,3629,3628,0.5297684674751929,0.47023153252480704,0.19239250275633957,0.0970231532524807,0.04575523704520397,0.017640573318632856,0.006063947078280044
1814,3628,3627,0.5299145299145299,0.4700854700854701,0.19244554728425697,0.0970499035015164,0.045767852219465124,0.01764543700027571,0.006065618968844775
1815,3627,3626,0.5297848869277441,0.47021511307225594,0.19249862107004964,0.09707666850523994,0.045780474351902925,0.01765030336458908,0.006067291781577496
1816,3626,3625,0.5299310344827586,0.47006896551724137,0.19255172413793104,0.09710344827586206,0.04579310344827586,0.017655172413793104,0.006068965517241379
1817,3625,3624,0.5298013245033113,0.47019867549668876,0.1926048565121413,0.09713024282560706,0.045805739514348784,0.017660044150110375,0.006070640176600441
1818,3624,3623,0.5296715429202319,0.47032845707976817,0.19265801821694728,0.09715705216671267,0.045818382555892906,0.01766491857576594,0.006072315760419542
1819,3623,3622,0.5298177802319161,0.47018221976808394,0.19271120927664273,0.09718387631143015,0.04583103257868581,0.0176697956929873,0.006073992269464384
1820,3622,3621,0.5296879315106324,0.4703120684893676,0.1927644297155482,0.09721071527202431,0.04584368958851146,0.01767467550400442,0.006075669704501519
1821,3621,3620,0.5298342541436464,0.47016574585635357,0.1925414364640884,0.09723756906077348,0.04585635359116022,0.017679558011049725,0.0060773480662983425
1822,3620,3619,0.5299806576402321,0.4700193423597679,0.19259463940315005,0.0972644376899696,0.04586902459242885,0.01768444321635811,0.0060790273556231
1823,3619,3618,0.5298507462686567,0.4701492537313433,0.19264787175234938,0.09729132117191819,0.04588170259812051,0.017689331122166942,0.006080707573244887
1824,3618,3617,0.5297207630633122,0.4702792369366879,0.19270113353607962,0.09731821951893835,0.04589438761404479,0.017694221730716064,0.006082388719933647
1825,3617,3616,0.5295907079646017,0.4704092920353982,0.19275442477876106,0.09734513274336283,0.0459070796460177,0.017699115044247787,0.006084070796460177
1826,3616,3615,0.5294605809128631,0.4705394190871369,0.19280774550484095,0.09737206085753804,0.04591977869986169,0.017704011065006915,0.006085753803596127
1827,3615,3614,0.5293303818483674,0.47066961815163255,0.1928610957387936,0.09739900387382401,0.045932484781405644,0.01770890979524073,0.006087437742114001
1828,3614,3613,0.5294768890119015,0.4705231109880985,0.1929144755051204,0.09742596180459452,0.045945197896484914,0.017713811237199003,0.006089122612787158
1829,3613,3612,0.5293466223698782,0.4706533776301218,0.19296788482834995,0.09745293466223699,0.04595791805094131,0.017718715393133997,0.006090808416389812
1830,3612,3611,0.5292162835779562,0.47078371642204375,0.19302132373303793,0.09747992245915259,0.045970645250623096,0.01772362226530047,0.006092495153697037
1831,3611,3610,0.5293628808864266,0.4706371191135734,0.192797783933518,0.09750692520775624,0.04598337950138504,0.01772853185595568,0.006094182825484765
1832,3610,3609,0.5295095594347464,0.4704904405652535,0.19257412025491827,0.09753394292047658,0.04599612080908839,0.01773344416735938,0.006095871432529786
1833,3609,3608,0.5296563192904656,0.47034368070953436,0.19262749445676275,0.0975609756097561,0.046008869179600884,0.017738359201773836,0.006097560975609756
1834,3608,3607,0.5295259218186859,0.4704740781813141,0.19268089825339618,0.09758802328805101,0.04602162461879678,0.01774327696146382,0.006099251455503188
1835,3607,3606,0.5296727676095396,0.47032723239046037,0.19245701608430393,0.09761508596783139,0.04603438713255685,0.01774819744869662,0.006100942872989462
1836,3606,3605,0.5295423023578364,0.47045769764216366,0.1925104022191401,0.09764216366158114,0.04604715672676838,0.017753120665742025,0.006102635228848821
1837,3605,3604,0.5294117647058824,0.47058823529411764,0.1925638179800222,0.097669256381798,0.04605993340732519,0.017758046614872364,0.006104328523862375
1838,3604,3603,0.5292811545933944,0.4707188454066056,0.1926172633916181,0.09769636414099361,0.04607271718012767,0.017762975298362477,0.006106022758812101
1839,3603,3602,0.5294280955024986,0.4705719044975014,0.19267073847862298,0.0977234869516935,0.04608550805108273,0.01776790671848973,0.006107717934480844
1840,3602,3601,0.5295751180227715,0.47042488197722854,0.19272424326575952,0.09775062482643711,0.04609830602610386,0.01777284087753402,0.006109414051652319
1841,3601,3600,0.5294444444444445,0.47055555555555556,0.19277777777777777,0.09777777777777778,0.04611111111111111,0.017777777777777778,0.006111111111111111
1842,3600,3599,0.5295915532092248,0.4704084467907752,0.19255348707974437,0.09780494581828286,0.04612392331203112,0.017782717421505972,0.006112809113642679
1843,3599,3598,0.5294608115619789,0.4705391884380211,0.1926070038910506,0.09783212896053363,0.04613674263479711,0.017787659811006114,0.006114508060033352
1844,3598,3597,0.5293299972199055,0.4706700027800945,0.1926605504587156,0.09785932721712538,0.0461495690853489,0.017792604948568252,0.0061162079510703364
1845,3597,3596,0.5294771968854283,0.47052280311457173,0.19271412680756397,0.09788654060066741,0.046162402669632924,0.017797552836484983,0.006117908787541713
1846,3596,3595,0.529346314325452,0.47065368567454796,0.19276773296244784,0.09791376912378304,0.046175243393602225,0.01780250347705146,0.00611961057023644
1847,3595,3594,0.5294936004451865,0.4705063995548136,0.19254312743461324,0.09794101279910963,0.04618809126321647,0.017807456872565387,0.006121313299944352
1848,3594,3593,0.5293626495964375,0.47063735040356247,0.19259671583634846,0.09796827163929864,0.04620094628444197,0.017812413025327024,0.006123016977456165
1849,3593,3592,0.5292316258351893,0.4707683741648107,0.19265033407572382,0.09799554565701558,0.04621380846325167,0.017817371937639197,0.006124721603563474
1850,3592,3591,0.5293790030632136,0.4706209969367864,0.19270398217766638,0.09802283486494012,0.04622667780562517,0.017822333611807295,0.006126427179058758
1851,3591,3590,0.5292479108635098,0.47075208913649025,0.19275766016713092,0.09805013927576602,0.046239554317548746,0.017827298050139277,0.006128133704735376
1852,3590,3589,0.5291167456115909,0.470883254388409,0.19281136806910001,0.09807745890220117,0.04625243800501532,0.01783226525494567,0.006129841181387573
1853,3589,3588,0.5292642140468228,0.4707357859531773,0.19286510590858416,0.09810479375696766,0.04626532887402453,0.017837235228539576,0.006131549609810479
1854,3588,3587,0.5294117647058824,0.47058823529411764,0.19264008921103987,0.09785335935321995,0.045999442431000834,0.017563423473654863,0.005854474491218288
1855,3587,3586,0.5295593976575572,0.47044060234244284,0.192414947016174,0.09788064696040157,0.046012269938650305,0.017568321249302844,0.005856107083100948
1856,3586,3585,0.5294281729428173,0.4705718270571827,0.19246861924686193,0.09790794979079498,0.04602510460251046,0.017573221757322177,0.005857740585774059
1857,3585,3584,0.529296875,0.470703125,0.19252232142857142,0.09793526785714286,0.04603794642857143,0.017578125,0.005859375
1858,3584,3583,0.5294445994976277,0.4705554005023723,0.19257605358638014,0.09796260117220207,0.04605079542283003,0.017583030979626012,0.005861010326542004
1859,3583,3582,0.5293132328308208,0.47068676716917923,0.19262981574539365,0.09798994974874371,0.046063651591289785,0.017587939698492462,0.005862646566164154
1860,3582,3581,0.5294610444010053,0.47053895559899467,0.19240435632504888,0.0980173135995532,0.04607651493996091,0.017592851158894165,0.005864283719631388
1861,3581,3580,0.529608938547486,0.47039106145251397,0.19245810055865922,0.09804469273743016,0.046089385474860335,0.01759776536312849,0.005865921787709497
1862,3580,3579,0.5297569153394803,0.4702430846605197,0.19251187482537022,0.0980720871751886,0.04610226320201174,0.01760268231349539,0.00586756077116513
1863,3579,3578,0.5299049748462829,0.47009502515371715,0.19256567915036332,0.0980994969256568,0.0461151481274455,0.01760760201229737,0.005869200670765791
1864,3578,3577,0.5297735532569192,0.4702264467430808,0.1926195135588482,0.09812692200167739,0.04612804025719877,0.01761252446183953,0.005870841487279843
1865,3577,3576,0.5296420581655481,0.4703579418344519,0.19267337807606263,0.09815436241610738,0.04614093959731544,0.01761744966442953,0.00587248322147651
1866,3576,3575,0.5297902097902097,0.4702097902097902,0.19244755244755246,0.09818181818181818,0.046153846153846156,0.017622377622377623,0.005874125874125874
1867,3575,3574,0.529658645775042,0.47034135422495804,0.19250139899272523,0.09820928931169558,0.04616675993284835,0.017627308337996642,0.0058757694459988805
1868,3574,3573,0.5295270081164287,0.4704729918835712,0.19255527567870137,0.0982367758186398,0.04617968094038623,0.017632241813602016,0.005877413937867338
1869,3573,3572,0.5293952967525196,0.4706047032474804,0.19260918253079506,0.0982642777155655,0.04619260918253079,0.017637178051511757,0.005879059350503919
1870,3572,3571,0.529543545225427,0.47045645477457293,0.19266311957434892,0.09829179501540185,0.046205544665359845,0.017642117054046485,0.005880705684682162
1871,3571,3570,0.5294117647058824,0.47058823529411764,0.1927170868347339,0.09831932773109243,0.046218487394957986,0.01764705882352941,0.0058823529411764705
1872,3570,3569,0.5292799103390305,0.47072008966096945,0.1927710843373494,0.0983468758755954,0.04623143737741665,0.017652003362286353,0.005884001120762118
1873,3569,3568,0.5291479820627802,0.47085201793721976,0.19282511210762332,0.09837443946188341,0.04624439461883408,0.01765695067264574,0.005885650224215246
1874,3568,3567,0.5290159798149706,0.47098402018502944,0.19287917017101205,0.09840201850294365,0.04625735912531539,0.017661900756938603,0.005887300252312868
1875,3567,3566,0.5291643297812675,0.47083567021873246,0.19265283230510374,0.0981491867638811,0.045989904655075714,0.017666853617498597,0.005888951205832866
1876,3566,3565,0.5290322580645161,0.47096774193548385,0.19270687237026649,0.09817671809256662,0.04600280504908836,0.01767180925666199,0.005890603085553997
1877,3565,3564,0.5291806958473625,0.4708193041526375,0.19248035914702583,0.09820426487093153,0.04601571268237935,0.017676767676767676,0.005892255892255892
1878,3564,3563,0.5290485545888296,0.47095144541117034,0.1925343811394892,0.09823182711198428,0.04602862756104406,0.01768172888015717,0.005893909626719057
1879,3563,3562,0.5289163391353172,0.4710836608646828,0.19258843346434587,0.0982594048287479,0.04604154969118473,0.01768669286917462,0.005895564289724873
1880,3562,3561,0.528784049424319,0.471215950575681,0.19264251614714967,0.09828699803426004,0.046054479078910415,0.017691659646166806,0.005897219882055603
1881,3561,3560,0.5289325842696629,0.47106741573033706,0.19269662921348316,0.09831460674157304,0.046067415730337076,0.017696629213483146,0.005898876404494382
1882,3560,3559,0.5288002247822422,0.4711997752177578,0.19275077268895757,0.09834223096375386,0.04608035965158752,0.017701601573475695,0.005900533857825232
1883,3559,3558,0.5289488476672288,0.47105115233277123,0.19280494659921305,0.0983698707138842,0.04609331084879146,0.01770657672849916,0.005902192242833052
1884,3558,3557,0.5288164183300534,0.47118358166994656,0.19285915096991846,0.09839752600506045,0.04610626932808547,0.01771155468091088,0.005903851560303626
1885,3557,3556,0.5286839145106862,0.47131608548931386,0.19291338582677164,0.0984251968503937,0.04611923509561305,0.017716535433070866,0.005905511811023622
1886,3556,3555,0.5288326300984529,0.4711673699015471,0.1929676511954993,0.09845288326300984,0.04613220815752461,0.017721518987341773,0.00590717299578059
1887,3555,3554,0.5287000562746201,0.47129994372537987,0.19302194710185705,0.09848058525604952,0.04614518851997749,0.017726505346088915,0.005908835115362971
1888,3554,3553,0.5285674078243737,0.4714325921756262,0.1930762735716296,0.09850830284266816,0.04615817618913594,0.01773149451168027,0.0059104981705600905
1889,3553,3552,0.5287162162162162,0.47128378378378377,0.19313063063063063,0.09853603603603604,0.04617117117117117,0.017736486486486486,0.0059121621621621625
1890,3552,3551,0.5285834976063081,0.4714165023936919,0.1931850183047029,0.09856378484933821,0.046184173472261336,0.017741481272880878,0.005913827090960293
1891,3551,3550,0.5287323943661972,0.4712676056338028,0.19323943661971832,0.09859154929577464,0.04619718309859155,0.017746478873239435,0.005915492957746479
1892,3550,3549,0.5285996055226825,0.4714003944773176,0.1932938856015779,0.09861932938856016,0.0462102000563539,0.01775147928994083,0.005917159763313609
1893,3549,3548,0.5284667418263811,0.47153325817361896,0.19334836527621196,0.09864712514092447,0.046223224351747465,0.017756482525366404,0.005918827508455468
1894,3548,3547,0.5286157316041725,0.4713842683958275,0.19340287566957992,0.0986749365661122,0.04623625599097829,0.017761488581900197,0.005920496193966732
1895,3547,3546,0.5284827975183305,0.4715172024816695,0.19345741680767062,0.09870276367738297,0.046249294980259446,0.017766497461928935,0.005922165820642978
1896,3546,3545,0.5283497884344147,0.47165021156558534,0.1935119887165021,0.09873060648801128,0.046262341325811,0.01777150916784203,0.005923836389280677
1897,3545,3544,0.5284988713318285,0.47150112866817157,0.19328442437923252,0.09875846501128668,0.046275395033860044,0.017776523702031602,0.005925507900677201
1898,3544,3543,0.528648038385549,0.47135196161445103,0.19333897826700536,0.0987863392605137,0.0462884561106407,0.017781541066892465,0.0059271803556308214
1899,3543,3542,0.528514963297572,0.47148503670242803,0.19339356295878035,0.09881422924901186,0.04630152456239413,0.017786561264822136,0.005928853754940711
1900,3542,3541,0.5283818130471618,0.4716181869528382,0.19344817848065518,0.0988421349901158,0.04631460039536854,0.017791584298220843,0.005930528099406947
1901,3541,3540,0.5285310734463277,0.47146892655367234,0.19322033898305085,0.09887005649717515,0.04632768361581921,0.017796610169491526,0.005932203389830509
1902,3540,3539,0.5286804181972309,0.4713195818027691,0.19327493642271829,0.09889799378355468,0.04634077423000848,0.017801638881039843,0.00593387962701328
1903,3539,3538,0.5285472018089316,0.4714527981910684,0.1933295647258338,0.09892594686263426,0.046353872244205764,0.017806670435274168,0.0059355568117580556
1904,3538,3537,0.5286966355668645,0.4713033644331354,0.19338422391857507,0.09895391574780887,0.046366977664687586,0.017811704834605598,0.005937234944868533
1905,3537,3536,0.5285633484162896,0.4714366515837104,0.19343891402714933,0.09898190045248868,0.04638009049773756,0.017816742081447963,0.005938914027149321
1906,3536,3535,0.5287128712871287,0.47128712871287126,0.1932107496463932,0.09900990099009901,0.04639321074964639,0.01782178217821782,0.005940594059405941
1907,3535,3534,0.5285795132993775,0.47142048670062253,0.19326542161856253,0.09903791737408037,0.04640633842671194,0.017826825127334467,0.005942275042444821
1908,3534,3533,0.5287291253891877,0.47127087461081235,0.19332012454005096,0.09906594961788848,0.046419473535239175,0.017831870931219927,0.005943956977073309
1909,3533,3532,0.5285956964892412,0.4714043035107588,0.19337485843714608,0.09909399773499433,0.0464326160815402,0.01783691959229898,0.00594563986409966
1910,3532,3531,0.5284621920135939,0.4715378079864061,0.1934296233361654,0.09912206173888417,0.0464457660719343,0.01784197111299915,0.00594732370433305
1911,3531,3530,0.5286118980169972,0.47138810198300285,0.19348441926345608,0.09915014164305949,0.04645892351274788,0.017847025495750707,0.00594900849858357
1912,3530,3529,0.5287616888637008,0.4712383111362992,0.19325587985264947,0.09917823746103713,0.046472088410314534,0.01785208274298668,0.005950694247662227
1913,3529,3528,0.5289115646258503,0.4710884353741497,0.19302721088435373,0.09892290249433107,0.046485260770975055,0.017857142857142856,0.005952380952380952
1914,3528,3527,0.5290615253756734,0.47093847462432664,0.19279841224836972,0.0989509498157074,0.046498440601077405,0.017862205840657782,0.005954068613552594
1915,3527,3526,0.5289279636982417,0.47107203630175837,0.19285309132161088,0.09897901304594442,0.046511627906976744,0.017867271695972773,0.005955757231990925
1916,3526,3525,0.5287943262411348,0.47120567375886524,0.19290780141843972,0.09900709219858156,0.04652482269503546,0.017872340425531916,0.005957446808510639
1917,3525,3524,0.52894438138479,0.47105561861521,0.19296254256526674,0.09903518728717367,0.046538024971623154,0.017877412031782065,0.005959137343927355
1918,3524,3523,0.5290945217144479,0.47090547828555207,0.1930173147885325,0.09906329832529094,0.04655123474311666,0.017882486517172863,0.005960828839057622
1919,3523,3522,0.5292447473026689,0.47075525269733104,0.19278818852924476,0.09909142532651902,0.04656445201590006,0.01788756388415673,0.00596252129471891
1920,3522,3521,0.5291110479977279,0.4708889520022721,0.19284294234592445,0.09911956830445896,0.04657767679636467,0.017892644135188866,0.005964214711729622
1921,3521,3520,0.5292613636363637,0.4707386363636364,0.19289772727272728,0.09914772727272728,0.04659090909090909,0.017897727272727273,0.005965909090909091
1922,3520,3519,0.529127593066212,0.470872406933788,0.19295254333617504,0.09917590224495595,0.04660414890593919,0.017902813299232736,0.005967604433077579
1923,3519,3518,0.5289937464468448,0.4710062535531552,0.1930073905628198,0.0992040932347925,0.046617396247868106,0.017907902217168845,0.005969300739056282
1924,3518,3517,0.5288598237133921,0.4711401762866079,0.19306226897924367,0.09923230025589991,0.04663065112311629,0.01791299402900199,0.00597099800966733
1925,3517,3516,0.5290102389078498,0.4709897610921502,0.19311717861205915,0.09926052332195677,0.04664391353811149,0.017918088737201365,0.005972696245733789
1926,3516,3515,0.5291607396870555,0.47083926031294454,0.19288762446657184,0.09900426742532005,0.04665718349928876,0.017923186344238975,0.005974395448079659
1927,3515,3514,0.529026750142288,0.470973249857712,0.192942515651679,0.09903244166192374,0.0466704610130905,0.017928286852589643,0.00597609561752988
1928,3514,3513,0.529177341303729,0.470822658696271,0.19299743808710504,0.0990606319385141,0.04668374608596641,0.017933390264730998,0.005977796754910333
1929,3513,3512,0.5293280182232346,0.4706719817767654,0.19305239179954442,0.09908883826879271,0.04669703872437358,0.017938496583143507,0.005979498861047836
1930,3512,3511,0.5294787809740814,0.47052121902591854,0.1928225576758758,0.09911706066647678,0.04671033893477642,0.017943605810310452,0.005981201936770151
1931,3511,3510,0.5293447293447293,0.47065527065527063,0.19287749287749287,0.09914529914529914,0.046723646723646726,0.017948717948717947,0.005982905982905983
1932,3510,3509,0.5294955827871188,0.47050441721288117,0.19293245939013964,0.09917355371900827,0.04673696209746366,0.017953833000854943,0.005984611000284981
1933,3509,3508,0.5293614595210946,0.47063854047890535,0.19298745724059294,0.09920182440136831,0.046750285062713795,0.01795895096921323,0.0059863169897377425
1934,3508,3507,0.5292272597661819,0.4707727402338181,0.1930424864556601,0.09923011120615911,0.046763615625891077,0.017964071856287425,0.005988023952095809
1935,3507,3506,0.5293782087849401,0.47062179121505987,0.19309754706217913,0.09925841414717627,0.04677695379349686,0.017969195664575013,0.005989731888191671
1936,3506,3505,0.5295292439372326,0.47047075606276745,0.19315263908701855,0.0992867332382311,0.046790299572039944,0.017974322396576318,0.005991440798858773
1937,3505,3504,0.5293949771689498,0.4706050228310502,0.19320776255707764,0.09931506849315068,0.04680365296803653,0.01797945205479452,0.0059931506849315065
1938,3504,3503,0.5295461033399943,0.4704538966600057,0.1932629174992863,0.0993434199257779,0.046817013988010275,0.017984584641735656,0.0059948615472452185
1939,3503,3502,0.5296973158195317,0.4703026841804683,0.19331810394060536,0.09937178754997145,0.04683038263849229,0.017989720159908625,0.005996573386636208
1940,3502,3501,0.5295629820051414,0.4704370179948586,0.19337332190802628,0.09940017137960583,0.046843758926021134,0.017994858611825194,0.005998286203941731
1941,3501,3500,0.5294285714285715,0.4705714285714286,0.19342857142857142,0.09942857142857142,0.046857142857142854,0.018,0.006
1942,3500,3499,0.5295798799657044,0.4704201200342955,0.1934838525292941,0.0994569877107745,0.04687053443841097,0.018005144326950558,0.006001714775650186
1943,3499,3498,0.5294453973699257,0.4705546026300743,0.19353916523727843,0.09948542024013722,0.046883933676386505,0.018010291595197257,0.006003430531732418
1944,3498,3497,0.5295967972547898,0.4704032027452102,0.19330855018587362,0.09922790963683158,0.04661138118387189,0.018015441807263367,0.006005147269087789
1945,3497,3496,0.5294622425629291,0.47053775743707094,0.19336384439359267,0.09925629290617849,0.04662471395881007,0.018020594965675058,0.006006864988558352
1946,3496,3495,0.5296137339055794,0.4703862660944206,0.19341917024320457,0.09928469241773963,0.04663805436337625,0.018025751072961373,0.006008583690987125
1947,3495,3494,0.529479107040641,0.4705208929593589,0.1934745277618775,0.0993131081854608,0.04665140240412135,0.018030910131654265,0.006010303377218088
1948,3494,3493,0.5293444030918981,0.47065559690810194,0.19352991697681077,0.09934154022330376,0.04666475808760378,0.018036072144288578,0.006012024048096192
1949,3493,3492,0.5292096219931272,0.47079037800687284,0.19358533791523483,0.09936998854524627,0.04667812142038946,0.01804123711340206,0.006013745704467354
1950,3492,3491,0.5290747636780292,0.4709252363219708,0.19364079060441133,0.09939845316528216,0.04669149240905185,0.018046405041535377,0.006015468347178459
1951,3491,3490,0.5289398280802292,0.4710601719197708,0.19369627507163323,0.0994269340974212,0.04670487106017192,0.01805157593123209,0.006017191977077364
1952,3490,3489,0.529091430209229,0.470908569790771,0.1937517913442247,0.09945543135568931,0.046718257380338205,0.018056749785038694,0.0060189165950128975
1953,3489,3488,0.529243119266055,0.47075688073394495,0.1938073394495413,0.09948394495412843,0.046731651376146786,0.018061926605504586,0.006020642201834863
1954,3488,3487,0.5291081158589045,0.4708918841410955,0.1938629194149699,0.09951247490679667,0.04674505305420132,0.018067106395182105,0.006022368798394035
1955,3487,3486,0.5289730349971313,0.4710269650028686,0.19391853126792885,0.09954102122776821,0.04675846242111302,0.018072289156626505,0.006024096385542169
1956,3486,3485,0.5288378766140602,0.47116212338593977,0.193974175035868,0.09956958393113342,0.046771879483500714,0.018077474892395983,0.006025824964131995
1957,3485,3484,0.5287026406429391,0.47129735935706085,0.19402985074626866,0.09959816303099885,0.046785304247990815,0.018082663605051664,0.006027554535017222
1958,3484,3483,0.5285673270169394,0.4714326729830606,0.1940855584266437,0.09962675854148723,0.04679873672121734,0.01808785529715762,0.006029285099052541
1959,3483,3482,0.5287191269385411,0.47128087306145894,0.19414129810453762,0.0996553704767375,0.046812176909821944,0.01809304997128087,0.0060310166570936245
1960,3482,3481,0.5288710140764148,0.47112898592358515,0.19419706980752657,0.09968399885090491,0.046825624820453896,0.018098247629991383,0.006032749209997127
1961,3481,3480,0.5287356321839081,0.47126436781609193,0.19425287356321838,0.09971264367816092,0.046839080459770116,0.01810344827586207,0.00603448275862069
1962,3480,3479,0.5288876113825812,0.4711123886174188,0.194021270480023,0.09945386605346364,0.046852543834435184,0.018108651911468814,0.006036217303822937
1963,3479,3478,0.5287521564117309,0.4712478435882691,0.19407705577918344,0.09948246118458884,0.04686601495112133,0.018113858539390456,0.0060379528464634845
1964,3478,3477,0.5289042277825712,0.4710957722174288,0.19384526890997986,0.0992234685073339,0.04659188955996549,0.017831463905665805,0.0060396893874029335
1965,3477,3476,0.5290563866513234,0.4709436133486766,0.19361334867663982,0.09896432681242807,0.04660529344073648,0.017836593785960874,0.0060414269275028765
1966,3476,3475,0.5289208633093525,0.4710791366906475,0.19366906474820145,0.09899280575539568,0.04661870503597122,0.017841726618705037,0.0060431654676258995
1967,3475,3474,0.5287852619458837,0.4712147380541163,0.19372481289579735,0.09902130109383996,0.046632124352331605,0.017846862406447898,0.006044905008635579
1968,3474,3473,0.5289375179959689,0.4710624820040311,0.1934926576446876,0.09876187733947596,0.046357615894039736,0.01785200115174201,0.006046645551396487
1969,3473,3472,0.529089861751152,0.4709101382488479,0.1935483870967742,0.09879032258064516,0.046370967741935484,0.017857142857142856,0.006048387096774193
1970,3472,3471,0.5292422932872372,0.4707577067127629,0.19360414866032843,0.09881878421204264,0.046384327283203686,0.017862287525208874,0.006050129645635264
1971,3471,3470,0.5291066282420749,0.47089337175792506,0.1936599423631124,0.09884726224783862,0.04639769452449568,0.017867435158501442,0.006051873198847263
1972,3470,3469,0.529259152493514,0.47074084750648604,0.19371576823292014,0.09887575670221967,0.04641106947247045,0.017872585759584895,0.006053617757278754
1973,3469,3468,0.529123414071511,0.470876585928489,0.19377162629757785,0.0989042675893887,0.046424452133794696,0.01787773933102653,0.006055363321799308
1974,3468,3467,0.528987597346409,0.471012402653591,0.19382751658494377,0.09893279492356505,0.046437842515142776,0.017882895875396595,0.006057109893279493
1975,3467,3466,0.5288517022504328,0.47114829774956724,0.19388343912290826,0.09896133871898442,0.04645124062319677,0.01788805539526832,0.006058857472590883
1976,3466,3465,0.5287157287157287,0.4712842712842713,0.19393939393939394,0.09898989898989899,0.046464646464646465,0.017893217893217895,0.006060606060606061
1977,3465,3464,0.5285796766743649,0.4714203233256351,0.19399538106235567,0.09901847575057737,0.04647806004618937,0.01789838337182448,0.006062355658198615
1978,3464,3463,0.5287323130233901,0.47126768697660987,0.19376263355472134,0.09875830205024545,0.046491481374530755,0.017903551833670227,0.006064106266243142
1979,3463,3462,0.5285961871750433,0.4714038128249567,0.19381860196418255,0.09878682842287695,0.046504910456383594,0.017908723281340265,0.006065857885615251
1980,3462,3461,0.52845998266397,0.47154001733603007,0.19387460271597803,0.09881537127997689,0.046518347298468654,0.01791389771742271,0.006067610517191563
1981,3461,3460,0.5283236994219653,0.47167630057803467,0.1939306358381503,0.09884393063583816,0.04653179190751445,0.017919075144508672,0.0060693641618497106
1982,3460,3459,0.5281873373807459,0.47181266261925414,0.19398670135877422,0.09887250650477017,0.0465452442902573,0.01792425556519225,0.006071118820468344
1983,3459,3458,0.5280508964719491,0.4719491035280509,0.1940427993059572,0.0989010989010989,0.0465587044534413,0.017929438982070563,0.006072874493927126
1984,3458,3457,0.5282036447787098,0.47179635522129015,0.19409892970783918,0.09892970783916691,0.04657217240381834,0.01793462539774371,0.00607463118310674
1985,3457,3456,0.5280671296296297,0.47193287037037035,0.1941550925925926,0.09895833333333333,0.04658564814814815,0.017939814814814815,0.006076388888888889
1986,3456,3455,0.5279305354558611,0.47206946454413895,0.19421128798842258,0.09898697539797395,0.046599131693198265,0.017945007235890015,0.006078147612156295
1987,3455,3454,0.5280833815865663,0.4719166184134337,0.19397799652576722,0.09901563404748118,0.04661262304574407,0.01795020266357846,0.006079907353792704
1988,3454,3453,0.5279467130031856,0.47205328699681437,0.19403417318273963,0.09904430929626412,0.04662612221256878,0.017955401100492326,0.006081668114682885
1989,3453,3452,0.5280996523754345,0.47190034762456545,0.19380069524913093,0.09878331402085748,0.046349942062572425,0.017960602549246814,0.00608342989571263
1990,3452,3451,0.5282526803824978,0.47174731961750216,0.19385685308606201,0.09881193856853086,0.04636337293538105,0.017965807012460158,0.006085192697768763
1991,3451,3450,0.5281159420289855,0.4718840579710145,0.19391304347826088,0.09884057971014493,0.0463768115942029,0.017971014492753623,0.00608695652173913
1992,3450,3449,0.5279791243838794,0.4720208756161206,0.19396926645404466,0.09886923746013337,0.04639025804581038,0.017976224992751522,0.006088721368512612
1993,3449,3448,0.5278422273781903,0.47215777262180975,0.19402552204176335,0.09889791183294663,0.04640371229698376,0.017981438515081206,0.006090487238979118
1994,3448,3447,0.5279953582825645,0.47200464171743545,0.19379170293008413,0.09863649550333624,0.04641717435451117,0.01798665506237308,0.006092254134029591
1995,3447,3446,0.5281485780615206,0.4718514219384794,0.1935577481137551,0.0983749274521184,0.046430644225188625,0.017991874637260593,0.006094022054556007
1996,3446,3445,0.528011611030479,0.47198838896952106,0.19361393323657475,0.09840348330914368,0.04644412191582003,0.017997097242380262,0.006095791001451379
1997,3445,3444,0.528164924506388,0.4718350754936121,0.19337979094076654,0.09843205574912892,0.04645760743321719,0.018002322880371662,0.006097560975609756
1998,3444,3443,0.5280278826604705,0.4719721173395295,0.19343595701423177,0.09846064478652337,0.046471100784199824,0.018007551553877434,0.006099331977926227
1999,3443,3442,0.5278907611853574,0.4721092388146427,0.19349215572341663,0.09848925043579314,0.046484601975595584,0.01801278326554329,0.00610110400929692
2000,3442,3441,0.5277535600116245,0.47224643998837545,0.1935483870967742,0.0985178727114211,0.04649811101424005,0.018018018018018018,0.006102877070619006
